Accessible data table begins in Cell A5. Item descriptions are contained within input messages in Row 5.,,,,,,,,,,,,,,,,,,,,,,,,,,,,,,,,,,,,,,,,,,,,,,,,,,,,,,,,,,,,,,,,,,,,,,,,,,,,,,,,,,,,,,,,,,,,,,,,,,,,,,,,,,,,,,,,,,,,,,,,,,,,,,,,,,,,,,,,,,,,,,,,,,,,,,,,,,,,
"California Work Opportunity and Responsibility to Kids (CalWORKs) Report
Cash Grant Caseload Movement Report
(CA 237 CW)",,,,,,,PART A.  APPLICATIONS FOR AID AND REQUESTS FOR RESTORATION,,,,,,,PART A.  APPLICATIONS FOR AID AND REQUESTS FOR RESTORATION,,,,,,PART B.  CASELOAD (ALL)  Cases Added,,,,,,,,,,PART B.  CASELOAD (ALL)  Cases Added,,,,,,,,,,PART B.  CASELOAD (ALL)  Cases Added,,,,,,,,,,PART B.  CASELOAD (ALL)  Cases Added,,,,,,,,,,PART B.  CASELOAD (ALL)  Cases Added,,,,,PART B.  CASELOAD (ALL)  Caseload,,,,,PART B.  CASELOAD (ALL)  Caseload,,,,,,,,,,PART B.  CASELOAD (ALL)  Caseload,,,,,,,,PART B.  CASELOAD (ALL)  Caseload,,,,,,,,,,PART B.  CASELOAD (ALL)  Caseload,,,,,,,,PART B. CASELOAD (ALL) Case Exits,,,,,,,,,,PART B. CASELOAD (ALL) Case Exits,,,,,,,,,,PART C.  SAFETY NET,,,,,,,,,,PART D.  FLEEING FELON,,,,,,,,,,PART E.  LONG-TERM SANCTION,,,,,,,,,,
,,,,,,,1.  Pending,1a. Item 5 from last month,1b. Adjustment,2. Applications received,2a. Applications,2b. Restoration,3. Total/month,4. Disposed of,4a. Approved,4b. Denied,4b1. Diversion,4c. Other,5. Applications pending,6. Cases carried forward,,,,,6a. Item 12 from last month,,,,,6b. Adjustment,,,,,7. Cases added during the month,,,,,7a. Applications approved,,,,,7b. Restorations approved,,,,,7c. Transfers from other counties,,,,,7d. Other approvals,,,,,7d1. Other approvals due to AB 959,,,,,8. Cases open during the month,,,,,8a. Cases receiving cash grant,,,,,8a1. Children in 8a cases,,,,,8a2. Adults in 8a cases,,,8a3. Total persons in 8a cases,,,,,8b. Other cases,,,,,8b1. Children in 8b cases,,,,,8b2. Adults in 8b cases,,,8b3. Total persons in 8b cases,,,,,9. Total cases discontinued,,,,,10. Total cases deducted,,,,,11. Total cases added,,,,,12. Carried forward,,,,,13. Cases open,,13a. Cases receiving cash,,13a1. Children in 13a,,13b. Other cases,,13b1. Children in 13b,,14. Cases open,,14a. Cases receiving cash,,14a1. Children in 14a,,14b. Other cases,,14b1. Children in 14b,,15. Cases open,,15a. Cases receiving cash,,15a1. Children in 15a,,15b. Other cases,,15b1. Children in 15b,,
,,,,,,,,,,,,,,,,,,,,"
Two Parent
(A)","
Zero Parent
(B)","
All Other
(C)","TANF 
Timed-Out
(D)",  SN/FF/LTS                     (E),"
Two Parent
(A)","
Zero Parent
(B)","
All Other
(C)","TANF 
Timed-Out
(D)",  SN/FF/LTS                     (E),"
Two Parent
(A)","
Zero Parent
(B)","
All Other
(C)","TANF 
Timed-Out
(D)",  SN/FF/LTS                     (E),"
Two Parent
(A)","
Zero Parent
(B)","
All Other
(C)","TANF 
Timed-Out
(D)",  SN/FF/LTS                     (E),"
Two Parent
(A)","
Zero Parent
(B)","
All Other
(C)","TANF 
Timed-Out
(D)",  SN/FF/LTS                     (E),"
Two Parent
(A)","
Zero Parent
(B)","
All Other
(C)","TANF 
Timed-Out
(D)",  SN/FF/LTS                     (E),"
Two Parent
(A)","
Zero Parent
(B)","
All Other
(C)","TANF 
Timed-Out
(D)",  SN/FF/LTS                     (E),"
Two Parent
(A)","
Zero Parent
(B)","All Other
(C)","TANF Timed-Out
(D)",  SN/FF/LTS                     (E),"
Two Parent
(A)","
Zero Parent
(B)","
All Other
(C)","TANF 
Timed-Out
(D)",  SN/FF/LTS                     (E),"
Two Parent
(A)","
Zero Parent
(B)","
All Other
(C)","TANF 
Timed-Out
(D)",  SN/FF/LTS                     (E),"
Two Parent
(A)","
Zero Parent
(B)","
All Other
(C)","TANF 
Timed-Out
(D)",  SN/FF/LTS                     (E),"
Two Parent
(A)","
Zero Parent
(B)","
All Other
(C)","TANF 
Timed-Out
(D)",  SN/FF/LTS                     (E),"
Two Parent
(A)","
All Other
(C)","TANF 
Timed-Out
(D)","
Two Parent
(A)","
Zero Parent
(B)","
All Other
(C)","TANF 
Timed-Out
(D)",  SN/FF/LTS                     (E),"
Two Parent
(A)","
Zero Parent
(B)","
All Other
(C)","TANF 
Timed-Out
(D)",  SN/FF/LTS                     (E),"
Two Parent
(A)","
Zero Parent
(B)","
All Other
(C)","TANF 
Timed-Out
(D)",  SN/FF/LTS                     (E),"
Two Parent
(A)","
All Other
(C)","TANF 
Timed-Out
(D)","
Two Parent
(A)","
Zero Parent
(B)","
All Other
(C)","TANF 
Timed-Out
(D)",  SN/FF/LTS                     (E),"
Two Parent
(A)","
Zero Parent
(B)","
All Other
(C)","TANF 
Timed-Out
(D)",  SN/FF/LTS                     (E),"
Two Parent
(A)","
Zero Parent
(B)","
All Other
(C)","TANF 
Timed-Out
(D)",  SN/FF/LTS                     (E),"
Two Parent
(A)","
Zero Parent
(B)","
All Other
(C)","TANF 
Timed-Out
(D)",  SN/FF/LTS                     (E),"
Two Parent
(A)","
Zero Parent
(B)","
All Other
(C)","TANF 
Timed-Out
(D)",  SN/FF/LTS                     (E),"
Two Parent
(A)","
All Other
(C)","
Two Parent
(A)","
All Other
(C)","
Two Parent
(A)","
All Other
(C)","
Two Parent
(A)","
All Other
(C)","
Two Parent
(A)","
All Other
(C)","
Two Parent
(A)","
All Other
(C)","
Two Parent
(A)","
All Other
(C)","
Two Parent
(A)","
All Other
(C)","
Two Parent
(A)","
All Other
(C)","
Two Parent
(A)","
All Other
(C)","
Two Parent
(A)","
All Other
(C)","
Two Parent
(A)","
All Other
(C)","
Two Parent
(A)","
All Other
(C)","
Two Parent
(A)","
All Other
(C)","
Two Parent
(A)","
All Other
(C)",
Date,County Name, ,County Code,SFY,FFY,Report Month,1,2,3,4,5,6,7,8,9,10,11,12,13,14,15,16,17,18,19,20,21,22,23,24,25,26,27,28,29,30,31,32,33,34,35,36,37,38,39,40,41,42,43,44,45,46,47,48,49,50,51,52,53,54,55,56,57,58,59,60,61,62,63,64,65,66,67,68,69,70,71,72,73,74,75,76,77,78,79,80,81,82,83,84,85,86,87,88,89,90,91,92,93,94,95,96,97,98,99,100,101,102,103,104,105,106,107,108,109,110,111,112,113,114,115,116,117,118,119,120,121,122,123,124,125,126,127,128,129,130,131,132,133,134,135,136,137,138,139,140,141,142,143,144,145,146,147,148,149,
Jul25,Statewide,,0,2025-26,2025,Jul 2025,17277,17353,-76,41618,35871,5747,58895,40935,10270,24866,*,5799,17960,39392,92100,108856,46003,60210,39343,91493,109152,45518,60711,49,607,-296,485,-501,2829,3261,10675,2847,2711,949,1070,4447,558,372,231,491,1220,417,515,142,145,427,147,108,1507,1555,4581,1725,1716,235,89,723,283,190,42221,95361,119531,48850,62921,39890,93754,114307,47120,60916,101533,*,182210,99065,139602,70991,104903,43460,172524,*,287113,142525,139602,2331,1607,5224,1730,2005,4999,2966,8031,3357,4339,3929,4646,1542,8928,2966,12677,4899,4339,2399,4418,8242,2399,3049,583,367,2201,1590,708,430,518,851,1577,2073,39669,91094,109939,46438,61237,2185,44888,2085,43353,6493,98040,*,1535,278,3263,*,*,*,*,*,*,0,*,0,19,3205,12136,3089,11892,9035,25094,116,244,315,464,
Jul25,Alameda,,1,2025-26,2025,Jul 2025,393,397,-4,1008,921,87,1401,1023,245,660,0,118,378,1012,1999,3137,822,2007,*,1957,*,811,2017,*,42,*,11,-10,94,118,324,77,102,27,34,125,15,*,*,*,16,*,*,*,*,29,*,*,60,73,154,53,85,*,15,19,15,17,1106,2117,3461,899,2109,1039,2091,3285,868,2058,2636,3427,5083,1605,3998,1860,2961,777,4496,3427,8044,2382,3998,67,26,176,31,51,156,40,263,49,*,117,145,25,273,40,408,74,107,72,101,231,41,132,*,11,74,44,21,*,26,24,38,66,1030,2031,3180,852,2022,40,1330,40,1298,120,2485,0,32,0,71,0,25,0,25,0,44,0,0,0,0,121,593,*,577,317,1032,*,*,*,*,
Jul25,Alpine,,2,2025-26,2025,Jul 2025,0,0,0,0,0,0,0,0,0,0,0,0,0,*,0,*,0,*,*,0,*,0,*,0,0,0,0,0,0,0,0,0,0,0,0,0,0,0,0,0,0,0,0,0,0,0,0,0,0,0,0,0,0,0,0,0,0,0,*,0,*,0,*,*,0,*,0,*,*,0,*,0,*,*,*,0,*,0,*,0,*,0,0,0,0,0,0,0,0,0,0,0,0,0,0,0,0,0,0,0,0,0,0,0,0,0,0,0,0,0,0,0,0,0,*,0,*,0,*,0,*,0,*,0,*,0,0,0,0,0,0,0,0,0,0,0,0,0,0,0,0,0,0,0,0,0,0,0,0,
Jul25,Amador,,3,2025-26,2025,Jul 2025,16,16,0,29,*,*,45,26,*,14,0,*,19,*,*,*,*,19,32,53,90,33,19,0,0,0,0,0,*,*,*,*,0,*,*,0,0,0,0,0,0,*,0,0,*,0,0,0,*,0,*,*,0,0,0,*,0,0,35,55,93,36,19,35,*,*,*,*,80,75,147,52,38,66,83,38,146,75,230,90,38,0,*,*,*,*,0,*,*,*,*,0,*,*,0,*,19,*,*,0,*,*,*,0,*,0,*,0,0,0,0,*,*,0,*,*,85,36,19,*,15,*,*,*,33,0,*,0,*,0,0,0,0,0,0,0,0,0,0,0,*,0,*,0,*,0,0,0,0,
Jul25,Butte,,4,2025-26,2025,Jul 2025,297,299,-2,279,251,28,576,275,44,144,0,87,301,291,465,676,414,303,*,465,682,416,303,*,0,-6,-2,0,38,16,83,25,19,*,*,21,*,*,0,*,*,0,0,*,*,*,*,*,27,*,50,19,17,*,0,*,*,*,329,481,759,439,322,316,*,735,*,311,768,742,1116,875,677,548,733,431,1316,742,1849,1306,677,13,*,24,*,11,30,*,37,*,*,22,23,*,52,*,60,28,35,27,26,59,34,21,*,*,11,*,*,*,*,11,*,*,300,454,700,407,302,15,208,15,*,45,415,0,*,0,21,0,0,0,0,0,0,0,0,0,0,33,66,*,*,79,138,*,*,*,*,
Jul25,Calaveras,,5,2025-26,2025,Jul 2025,17,21,-4,35,*,*,52,37,*,20,0,*,15,*,65,83,*,*,*,65,85,41,28,*,0,-2,0,0,*,0,11,*,*,*,0,*,0,0,*,0,*,*,0,*,0,*,0,0,*,0,*,*,*,0,0,0,0,*,30,65,94,44,*,*,65,*,*,*,70,114,140,79,48,47,89,41,117,114,229,120,48,*,0,*,*,*,*,0,*,*,*,*,*,*,*,0,*,*,*,*,0,*,*,0,*,0,*,*,0,*,0,*,0,*,25,65,85,40,34,*,22,*,*,*,33,0,*,0,*,0,0,0,0,0,0,0,0,0,0,0,*,0,*,0,*,0,0,0,0,
Jul25,Colusa,,6,2025-26,2025,Jul 2025,*,*,0,*,*,*,21,*,*,*,0,*,*,*,54,*,15,13,13,54,38,15,13,0,0,0,0,0,*,0,*,0,0,*,0,0,0,0,0,0,0,0,0,0,0,0,0,0,0,0,*,0,0,0,0,0,0,0,14,54,40,15,13,*,*,*,15,*,20,82,74,30,33,22,34,13,42,82,108,43,33,*,*,*,0,*,*,0,*,0,0,*,*,0,*,0,*,0,0,*,*,*,0,*,0,0,*,*,*,0,*,0,*,*,*,55,37,15,12,0,13,0,*,0,33,0,*,0,0,0,0,0,0,0,0,0,0,0,0,0,0,0,0,0,0,0,0,0,0,
Jul25,Contra Costa,,7,2025-26,2025,Jul 2025,344,347,-3,796,745,51,1140,832,153,525,0,154,308,744,1616,2037,742,1340,747,*,2040,*,*,-3,*,-3,*,*,48,51,189,50,63,15,25,81,*,*,*,*,*,*,*,*,*,*,*,*,22,21,92,37,46,0,0,*,0,0,792,1667,2226,792,1403,734,1650,2129,753,1361,2012,2795,3299,1484,2784,1405,2044,736,3417,2795,5343,2220,2784,58,17,97,39,42,125,21,146,71,*,100,88,38,225,21,234,109,81,51,72,141,42,67,*,*,*,23,*,*,*,*,19,*,738,1597,2068,746,1358,*,898,*,870,*,1808,0,28,0,59,0,*,0,*,0,*,0,0,0,0,63,426,*,414,161,780,*,*,*,*,
Jul25,Del Norte,,8,2025-26,2025,Jul 2025,14,14,0,26,*,*,40,27,13,*,0,*,13,70,*,*,*,*,70,79,152,*,88,0,0,-2,*,0,11,*,*,*,*,*,0,*,0,0,*,0,*,*,0,*,0,*,*,0,*,*,*,*,*,*,0,0,0,0,81,83,160,90,90,*,83,*,*,*,173,140,260,178,173,140,154,86,313,140,414,264,173,*,0,*,*,*,*,0,*,*,*,*,*,*,*,0,20,12,*,*,*,13,*,*,*,*,*,*,*,*,*,*,*,*,70,78,147,83,86,11,76,*,*,21,146,*,*,*,*,0,*,0,*,0,*,0,0,0,0,*,*,*,*,*,*,0,0,0,0,
Jul25,El Dorado,,9,2025-26,2025,Jul 2025,64,66,-2,133,*,*,197,85,*,67,0,*,112,*,*,255,*,*,*,146,259,96,*,*,0,-4,0,*,*,*,25,*,*,*,*,*,0,0,*,0,*,*,0,0,0,*,*,0,*,*,18,0,*,0,0,*,0,0,77,150,280,98,80,*,*,269,*,*,166,209,430,186,142,135,269,101,301,209,699,287,142,*,*,11,*,*,*,*,16,0,*,*,11,0,22,*,27,0,*,*,*,15,*,*,0,*,*,*,*,0,0,*,*,*,*,142,265,97,71,*,72,*,*,11,125,0,*,0,*,0,0,0,0,0,0,0,0,0,0,*,*,*,*,*,*,0,0,0,0,
Jul25,Fresno,,10,2025-26,2025,Jul 2025,563,568,-5,1484,1213,271,2047,1449,450,816,0,183,598,2137,4914,5177,2792,4245,2137,4890,5200,2761,4286,0,24,-23,31,-41,156,143,515,198,181,36,42,190,33,*,*,*,*,*,33,*,*,*,*,*,102,87,259,139,130,11,*,21,*,*,2293,5057,5692,2990,4426,2155,4966,5488,2891,4287,5526,9789,9128,6567,11016,3630,5056,2691,9156,9789,14184,9258,11016,138,91,204,99,139,324,198,330,201,338,214,175,85,538,198,505,286,338,126,190,357,143,170,36,23,132,88,45,32,28,48,96,120,2163,4872,5251,2855,4331,136,2657,*,2556,432,6307,*,101,36,229,0,30,0,*,0,67,0,*,0,*,391,1212,378,1197,1321,2889,13,15,43,*,
Jul25,Glenn,,11,2025-26,2025,Jul 2025,11,11,0,30,*,*,41,30,18,*,0,*,11,*,*,88,*,*,39,81,91,53,31,-1,0,-3,0,0,*,*,13,*,*,*,*,*,*,0,0,*,0,*,0,0,0,*,0,*,*,0,*,*,*,0,0,0,*,*,43,84,101,58,35,*,*,*,58,*,109,152,150,119,60,74,97,58,183,152,247,177,60,*,*,*,0,*,0,*,*,0,*,*,*,0,*,*,11,0,*,*,*,*,*,*,*,0,*,*,*,*,0,*,0,*,40,*,92,52,34,*,26,*,*,*,46,0,*,0,*,0,0,0,0,0,0,0,0,0,0,0,*,0,*,0,*,0,0,0,0,
Jul25,Humboldt,,12,2025-26,2025,Jul 2025,80,82,-2,125,108,17,205,134,32,82,0,20,71,205,*,550,211,*,*,235,562,211,148,*,-1,-12,0,0,11,*,63,15,*,*,*,*,0,0,*,*,*,*,0,*,0,0,*,0,*,*,37,13,*,*,*,*,*,*,216,243,613,226,157,*,231,594,*,*,434,335,845,421,317,394,586,223,828,335,1431,644,317,*,12,19,*,*,15,16,33,*,*,18,19,*,33,16,52,17,13,*,*,43,17,12,*,0,*,*,*,*,*,*,*,*,208,229,566,208,148,11,137,11,*,39,266,0,*,0,*,0,0,0,0,0,0,0,0,0,0,*,*,*,*,*,*,*,0,*,0,
Jul25,Imperial,,13,2025-26,2025,Jul 2025,72,74,-2,318,276,42,390,300,60,124,0,116,90,291,556,1064,614,691,291,558,1066,*,701,0,-2,-2,*,-10,20,17,80,26,27,*,*,24,*,*,0,*,*,*,*,0,*,*,*,0,*,*,44,16,19,*,*,*,*,*,311,573,1144,640,718,294,556,1098,629,693,709,1067,2052,1424,1639,509,1023,600,1218,1067,3075,2024,1639,17,17,46,11,25,32,38,75,22,*,31,35,11,63,38,110,33,57,*,23,60,27,22,*,*,20,*,16,*,*,13,*,14,302,552,1077,619,694,*,312,*,300,*,673,*,12,*,26,0,*,0,*,0,*,0,0,0,0,65,334,*,*,177,775,*,*,*,20,
Jul25,Inyo,,14,2025-26,2025,Jul 2025,,,,,,,,,,,,,,,,,,,,,,,,,,,,,,,,,,,,,,,,,,,,,,,,,,,,,,,,,,,,,,,,,,,,,,,,,,,,,,,,,,,,,,,,,,,,,,,,,,,,,,,,,,,,,,,,,,,,,,,,,,,,,,,,,,,,,,,,,,,,,,,,,,,,,,
Jul25,Kern,,15,2025-26,2025,Jul 2025,493,501,-8,1751,1465,286,2244,1681,483,1038,0,160,563,1844,5070,5679,2738,2408,*,5050,5704,2740,2414,*,20,-25,-2,-6,125,132,485,111,95,40,54,217,*,18,*,*,53,28,*,*,*,21,*,*,64,52,194,59,60,*,*,34,17,*,1969,5202,6164,2849,2503,1857,5120,5912,2772,2425,4603,10162,10058,6847,6208,3377,5683,2695,7980,10162,15741,9542,6208,112,82,252,77,78,265,170,416,173,*,192,232,76,457,170,648,249,186,104,165,364,111,129,26,16,81,94,40,22,21,42,85,87,1861,5042,5761,2729,2421,77,2013,*,1944,251,4907,*,69,*,167,0,48,0,48,0,106,0,0,0,0,73,292,*,*,225,719,*,*,*,*,
Jul25,Kings,,16,2025-26,2025,Jul 2025,95,97,-2,262,213,49,357,253,72,137,0,44,104,291,574,715,399,417,*,576,716,*,418,*,-2,-1,*,-1,24,17,68,15,16,*,*,28,*,*,*,*,*,*,*,*,0,*,*,*,*,*,29,*,*,0,0,*,0,0,315,591,783,414,433,288,*,741,399,422,713,1121,1242,369,1030,489,694,369,1202,1121,1936,738,1030,27,*,42,15,11,58,16,63,31,24,45,40,14,103,16,103,45,24,24,27,53,24,18,*,*,*,*,*,*,*,*,*,*,293,566,712,398,421,*,373,*,*,37,900,*,*,*,*,0,0,0,0,0,0,0,0,0,0,*,35,*,35,31,62,0,0,0,0,
Jul25,Lake,,17,2025-26,2025,Jul 2025,51,31,20,125,109,16,176,114,23,47,0,44,62,*,*,298,121,*,*,*,301,*,109,*,*,-3,*,-2,*,*,34,13,*,*,*,11,*,0,0,0,*,*,0,0,*,*,*,0,*,*,20,*,*,0,0,*,*,0,143,225,332,134,108,*,*,*,*,*,314,380,546,247,221,252,312,122,566,380,858,369,221,*,*,*,*,*,*,*,*,*,*,*,*,*,22,*,*,*,*,13,*,24,*,*,*,*,*,*,0,*,*,*,*,*,131,215,303,126,106,0,76,0,*,0,162,0,*,0,*,0,0,0,0,0,0,0,0,0,0,*,*,*,*,20,39,0,0,0,0,
Jul25,Lassen,,18,2025-26,2025,Jul 2025,42,42,0,28,*,*,70,17,*,*,0,*,53,*,*,93,*,*,55,51,*,44,66,0,-1,*,0,0,*,*,15,*,*,*,0,*,0,0,*,0,0,0,0,0,0,*,0,0,*,*,11,*,*,0,0,*,*,0,65,54,108,47,68,*,*,*,*,68,132,84,159,104,135,113,105,40,245,84,264,144,135,*,*,*,*,0,*,*,*,*,0,*,*,*,*,*,*,*,0,*,*,*,*,*,0,0,*,*,0,0,*,0,*,*,*,51,102,40,64,*,*,*,*,*,*,0,0,0,0,0,0,0,0,0,0,0,0,0,0,0,0,0,0,0,0,0,0,0,0,
Jul25,Los Angeles,,19,2025-26,2025,Jul 2025,4705,4710,-5,10964,8910,2054,15669,10823,3553,6353,0,917,4846,8911,32022,34192,14137,19948,8930,31633,34251,13853,20257,-19,389,-59,284,-309,617,1227,3240,899,935,230,424,1371,180,133,61,245,513,167,229,11,15,48,15,17,315,543,1308,537,556,74,17,326,108,55,9528,33249,37432,15036,20883,8986,32866,35879,14540,20194,19239,59423,54145,29257,44508,15816,32929,13452,35055,59423,87074,42709,44508,542,383,1553,496,689,1044,655,2327,942,1431,889,1422,441,1933,655,3749,1383,1431,572,1626,2655,707,1032,162,133,727,600,267,109,163,274,572,771,8903,31653,34324,14301,20355,389,16057,363,15497,1001,34284,*,560,*,1169,*,*,*,*,*,*,0,*,0,*,890,3335,863,3264,2341,6506,27,71,66,125,
Jul25,Madera,,20,2025-26,2025,Jul 2025,74,75,-1,212,191,21,286,221,53,116,0,52,65,229,985,662,340,323,*,*,*,*,324,*,*,*,*,-1,20,28,68,22,15,*,*,26,*,*,*,*,*,0,*,*,*,*,0,0,13,15,33,*,11,*,*,*,*,*,249,1013,730,362,338,231,996,699,*,*,573,2178,1234,791,783,412,697,352,985,2178,1931,1143,783,18,17,31,*,*,39,29,50,*,*,33,29,*,72,29,79,22,23,13,51,47,17,17,*,*,*,*,*,*,*,*,*,*,236,961,672,351,327,11,257,*,*,29,603,*,*,*,17,0,0,0,0,0,0,0,0,0,0,11,59,*,*,24,127,*,*,*,*,
Jul25,Marin,,21,2025-26,2025,Jul 2025,22,22,0,96,*,*,118,89,16,53,0,20,29,*,*,235,*,*,53,232,235,*,67,0,0,0,*,-2,*,*,33,*,*,*,*,*,*,0,0,0,*,0,*,0,0,*,0,0,*,*,22,*,*,*,*,*,*,0,60,241,268,123,69,*,*,*,*,*,117,387,372,205,124,107,254,113,224,387,626,318,124,*,*,*,*,*,*,*,*,*,*,*,*,*,*,*,18,*,*,*,14,24,*,*,*,0,*,*,*,0,0,*,*,*,56,227,246,111,71,0,61,0,*,0,110,0,*,0,*,0,*,0,*,0,*,0,0,0,0,0,*,0,*,0,*,0,0,0,0,
Jul25,Mariposa,,22,2025-26,2025,Jul 2025,*,*,0,*,*,*,26,*,*,*,0,*,*,*,30,71,*,*,*,30,73,36,32,*,0,-2,0,0,*,0,11,*,*,*,0,*,*,0,0,0,0,0,*,*,0,*,0,0,*,0,*,0,*,*,0,*,0,*,39,30,82,38,35,*,*,*,*,*,79,43,126,62,71,67,71,35,146,43,197,97,71,*,*,*,*,*,*,*,*,*,*,*,*,*,*,*,14,*,*,0,*,*,*,*,*,*,*,*,*,*,0,0,*,*,39,23,67,34,31,*,20,*,*,*,36,0,*,0,*,0,0,0,0,0,0,0,0,0,0,*,*,*,*,*,16,0,0,0,0,
Jul25,Mendocino,,23,2025-26,2025,Jul 2025,43,43,0,94,*,*,137,94,23,54,0,17,43,*,*,301,*,*,*,158,301,*,138,*,0,0,*,-5,*,*,28,*,*,*,*,*,*,*,*,0,0,*,*,0,*,*,0,0,*,*,16,*,*,0,0,*,0,0,84,165,329,86,142,*,*,318,*,*,162,291,509,173,264,131,288,77,293,291,797,250,264,*,*,11,*,*,12,*,*,*,*,12,*,*,24,*,31,13,14,*,*,25,*,*,*,0,*,*,*,*,0,*,*,*,79,*,297,86,137,*,76,*,76,*,143,0,0,0,0,0,0,0,0,0,0,0,0,0,0,*,48,*,*,*,78,*,*,*,*,
Jul25,Merced,,24,2025-26,2025,Jul 2025,474,484,-10,501,434,67,975,502,126,201,0,175,473,536,1499,1316,814,956,536,*,1317,*,960,0,*,-1,*,-4,44,45,136,45,41,13,*,61,*,*,*,*,*,*,*,*,*,*,*,*,26,24,53,27,32,*,*,13,*,*,580,1544,1452,859,997,558,1516,1406,837,972,1393,2914,2381,1936,2424,938,1261,764,2331,2914,3642,2700,2424,22,28,46,22,25,59,41,71,47,66,33,41,22,92,41,112,69,66,38,67,94,43,40,*,*,*,11,*,*,*,*,18,*,547,1476,1334,823,970,*,647,*,634,*,1527,*,13,*,32,0,*,0,*,0,*,0,0,0,0,84,224,*,*,245,529,*,*,*,16,
Jul25,Modoc,,25,2025-26,2025,Jul 2025,*,*,*,*,*,*,14,*,*,*,0,*,*,16,*,*,11,20,16,*,49,11,20,0,*,-1,0,0,0,*,*,0,0,0,*,*,0,0,0,0,0,0,0,0,0,0,0,0,0,0,*,0,0,0,0,0,0,0,16,29,55,*,20,*,29,*,*,*,37,47,84,*,42,26,46,*,63,47,130,27,42,*,0,*,*,*,*,0,*,*,*,*,*,*,*,0,*,*,*,*,*,*,0,0,0,0,*,0,*,0,0,0,*,*,*,*,53,12,20,0,15,0,*,0,31,0,*,0,*,0,0,0,0,0,0,0,0,0,0,*,*,*,*,*,*,0,0,0,0,
Jul25,Mono,,26,2025-26,2025,Jul 2025,*,*,0,*,*,0,*,*,*,*,0,*,*,*,*,*,*,*,*,*,*,*,*,0,0,0,0,0,*,*,*,0,*,*,0,*,0,0,0,0,0,0,0,*,0,0,0,0,0,*,0,0,*,0,0,0,0,0,*,*,*,*,*,*,*,*,*,*,*,17,*,*,*,*,*,*,20,17,27,*,*,0,0,*,0,*,0,0,*,0,*,0,*,0,0,0,*,0,*,0,0,*,0,*,0,0,0,0,0,0,0,0,0,0,*,*,*,*,*,0,*,0,*,0,*,0,*,0,*,0,0,0,0,0,0,0,0,0,0,0,0,0,0,0,0,0,0,0,0,
Jul25,Monterey,,27,2025-26,2025,Jul 2025,95,96,-1,378,328,50,473,361,70,218,0,73,112,155,1937,850,287,287,*,1921,856,287,*,*,16,-6,0,*,15,39,74,23,26,*,*,31,*,*,*,*,*,*,*,0,*,*,*,*,*,26,31,16,16,*,*,*,*,*,170,1976,924,310,313,159,1810,857,*,*,388,3852,1517,665,692,257,714,260,645,3852,2231,925,692,11,166,67,*,*,30,424,120,*,*,17,60,*,47,424,180,25,24,13,198,101,19,23,*,*,*,*,*,*,*,*,*,*,157,1777,816,293,296,*,119,*,*,*,271,*,*,*,*,0,*,0,*,0,*,0,0,0,0,40,149,*,*,109,302,*,*,*,*,
Jul25,Napa,,28,2025-26,2025,Jul 2025,27,27,0,75,*,*,102,80,18,33,0,29,22,*,*,182,*,*,37,*,*,*,28,-1,*,*,*,0,*,*,15,*,*,*,*,*,0,0,0,*,0,0,0,0,0,*,0,*,*,*,*,*,*,*,0,*,0,0,40,185,197,56,30,*,*,178,*,*,97,290,299,110,55,57,176,48,154,290,475,158,55,*,*,19,*,*,*,15,31,*,*,*,20,*,*,15,51,*,*,*,15,14,*,*,*,*,*,*,0,*,*,*,*,*,38,169,186,51,29,0,17,0,17,0,35,0,0,0,0,0,*,0,0,0,0,0,*,0,0,*,*,*,*,*,*,0,*,0,*,
Jul25,Nevada,,29,2025-26,2025,Jul 2025,20,20,0,66,*,*,86,60,*,43,0,*,26,*,*,209,*,*,46,98,209,*,55,0,-1,0,*,0,*,*,24,*,*,*,*,*,0,0,0,0,0,0,0,0,0,*,0,0,*,*,18,*,*,0,0,*,0,*,49,100,233,68,58,*,*,*,*,58,99,134,322,115,122,71,199,62,170,134,521,177,122,*,*,*,*,0,*,*,*,*,0,*,*,*,20,*,17,*,0,*,*,*,*,*,0,*,*,*,0,0,0,0,*,*,*,93,209,66,56,*,28,*,28,*,61,0,0,0,0,0,0,0,0,0,0,0,0,0,0,*,27,*,27,*,53,0,0,0,0,
Jul25,Orange,,30,2025-26,2025,Jul 2025,478,482,-4,1912,1722,190,2390,1848,356,1017,0,475,542,1281,4312,3972,1333,1210,1285,4297,3997,1319,1221,-4,15,-25,14,-11,101,130,344,76,47,48,47,160,15,*,*,*,37,*,*,*,*,13,*,0,43,56,134,53,26,*,*,16,*,*,1382,4442,4316,1409,1257,1298,4363,4136,1350,1221,3097,8317,6615,2777,2629,2404,3749,1270,5501,8317,10364,4047,2629,84,79,180,59,36,154,151,284,124,*,152,152,56,306,151,436,180,67,93,193,337,68,62,18,*,82,18,15,12,*,36,44,39,1283,4251,3933,1367,1219,*,512,*,488,91,1111,*,24,*,42,0,*,0,*,0,17,0,0,0,0,139,562,*,*,350,1060,*,*,*,14,
Jul25,Placer,,31,2025-26,2025,Jul 2025,111,111,0,256,237,19,367,205,34,148,0,23,162,342,213,370,*,98,*,*,*,*,99,*,*,*,*,-1,64,11,50,*,15,*,*,14,*,*,*,*,0,*,*,29,*,13,*,*,24,*,23,*,*,*,*,*,*,*,406,224,420,120,113,366,*,389,*,*,1045,330,620,226,260,714,381,108,1759,330,1001,334,260,40,*,31,*,*,99,*,34,*,*,67,25,*,166,*,59,22,*,19,13,32,*,12,*,0,*,*,*,*,0,*,*,*,385,211,385,111,105,*,82,*,*,38,182,*,*,*,*,0,0,0,0,0,0,0,0,0,0,*,14,*,*,13,27,0,*,0,*,
Jul25,Plumas,,32,2025-26,2025,Jul 2025,*,*,0,*,*,*,20,*,*,*,0,*,*,*,31,*,*,*,11,31,58,17,14,0,0,0,0,0,*,0,*,*,*,*,0,*,0,0,0,0,0,0,*,0,0,0,0,0,*,0,0,*,0,0,0,0,0,0,14,31,61,18,15,14,31,61,18,15,30,43,98,34,36,27,55,16,57,43,153,50,36,0,0,0,0,0,0,0,0,0,0,0,0,0,0,0,0,0,0,*,0,*,*,0,0,0,*,0,0,*,0,0,0,0,14,31,55,*,15,*,*,*,*,*,*,0,0,0,0,0,0,0,0,0,0,0,0,0,0,0,*,0,*,0,20,0,0,0,0,
Jul25,Riverside,,33,2025-26,2025,Jul 2025,1006,1006,0,3809,3384,425,4815,3737,650,2621,0,466,1078,1933,4667,7196,2824,2718,*,*,7215,2824,2729,*,*,-19,0,-11,188,148,795,206,112,64,50,307,42,18,19,14,84,35,17,14,13,54,16,15,91,71,350,113,62,*,*,29,*,*,2121,4815,7991,3030,2830,1985,4736,7624,2913,2718,5068,8763,12769,6396,6528,3559,7076,2680,8627,8763,19845,9076,6528,136,79,367,117,112,284,146,594,245,270,223,325,103,507,146,919,348,270,169,236,630,156,145,20,28,121,79,37,23,41,44,91,86,1955,4592,7284,2886,2734,67,2280,*,2189,218,5259,*,91,*,211,0,38,0,*,0,75,0,*,0,*,88,357,*,346,252,724,*,11,15,27,
Jul25,Sacramento,,34,2025-26,2025,Jul 2025,636,642,-6,2933,2591,342,3569,3007,665,2064,0,278,562,6169,3128,5685,1921,4941,6174,3102,5689,1901,4956,-5,26,-4,20,-15,320,134,614,122,210,122,45,275,38,34,22,*,60,*,32,20,*,24,*,13,156,64,255,55,131,11,*,23,*,*,6489,3262,6299,2043,5151,6230,3219,6040,1947,4991,19018,5440,9045,3973,11457,11882,5709,1867,30900,5440,14754,5840,11457,259,43,259,96,160,587,63,378,182,323,459,230,88,1046,63,608,270,323,258,121,395,111,212,43,22,137,85,41,44,32,49,75,128,6232,3151,5816,1922,5026,353,3693,339,3576,1220,7866,*,117,38,227,0,*,0,*,0,14,0,0,0,0,*,876,*,857,664,1693,*,19,24,34,
Jul25,San Benito,,35,2025-26,2025,Jul 2025,19,19,0,66,54,12,85,59,13,34,0,12,26,*,*,127,*,*,26,*,127,*,46,-3,*,0,*,-3,*,*,12,*,*,*,*,*,*,0,0,*,*,*,0,0,0,0,*,0,*,0,*,*,*,*,0,*,0,*,25,113,139,57,44,*,*,*,*,*,56,212,214,114,83,48,121,49,104,212,335,163,83,*,*,*,*,*,*,*,*,*,*,*,*,*,*,*,25,*,*,*,11,*,*,*,0,0,*,*,*,0,0,*,*,*,*,102,131,56,39,0,32,0,*,0,64,0,*,0,*,0,0,0,0,0,0,0,0,0,0,*,*,*,*,*,*,0,*,0,*,
Jul25,San Bernardino,,36,2025-26,2025,Jul 2025,1401,1413,-12,3453,2997,456,4854,3445,868,2092,0,485,1409,2662,6548,8744,4698,5905,*,6557,8767,4652,5923,*,-9,-23,46,-18,230,192,884,267,260,88,53,402,57,39,*,27,88,32,53,*,19,50,28,17,107,93,344,150,151,*,*,32,16,13,2892,6740,9628,4965,6165,2706,6633,9090,4743,5967,6808,12184,15392,10562,14556,4010,7574,3961,10818,12184,22966,14523,14556,186,107,538,222,198,450,196,809,445,456,273,440,186,723,196,1249,631,456,174,270,621,242,292,60,37,230,132,64,37,61,88,131,206,2695,6494,8865,4722,6015,106,3717,*,3568,364,8657,*,149,*,337,0,55,0,*,0,109,0,*,0,*,471,1816,458,1784,1412,4014,13,32,47,63,
Jul25,San Diego,,37,2025-26,2025,Jul 2025,1180,1183,-3,2827,2461,366,4007,2685,557,1817,0,311,1322,3251,3152,6161,1963,2924,3260,3156,6186,1949,2927,-9,-4,-25,14,-3,200,140,608,136,125,55,49,249,29,*,*,*,79,*,30,*,*,17,*,*,129,68,263,87,76,34,*,49,12,*,3451,3292,6769,2099,3049,3284,3238,6459,2026,2969,9574,5586,10883,4298,6993,6014,5677,1712,15588,5586,16560,6010,6993,167,54,310,73,80,330,88,484,128,171,303,258,60,633,88,742,188,171,172,146,510,118,128,37,14,84,72,20,19,20,37,53,98,3261,3152,6212,1962,2999,503,1945,489,1894,1416,4244,14,51,42,98,0,11,0,11,0,15,0,0,0,0,102,488,*,*,264,1054,*,*,16,15,
Jul25,San Francisco,,38,2025-26,2025,Jul 2025,171,175,-4,600,566,34,771,568,75,456,0,37,203,275,870,1457,540,478,*,*,*,*,485,*,*,*,*,-7,11,55,147,27,19,*,12,43,*,*,0,*,*,0,*,*,*,*,0,0,*,40,92,*,*,0,0,0,0,0,286,925,1604,567,497,269,*,1540,*,480,566,1340,2211,1011,954,513,1541,558,1079,1340,3752,1569,954,17,*,64,*,17,29,12,84,*,27,32,63,*,61,12,147,22,27,23,43,97,40,*,*,*,*,23,*,*,*,*,14,21,266,886,1490,518,499,13,469,13,452,48,876,0,17,0,27,0,*,0,*,0,*,0,0,0,0,*,*,*,*,*,17,0,0,0,0,
Jul25,San Joaquin,,39,2025-26,2025,Jul 2025,406,411,-5,1185,1035,150,1591,1197,308,658,0,231,394,1022,2121,3081,1299,1746,*,2104,3089,*,1754,*,17,-8,*,-8,89,84,322,102,85,29,21,155,17,*,*,*,30,*,19,*,*,17,*,*,51,48,120,63,56,12,*,28,24,17,1111,2205,3403,1401,1831,1047,2168,3244,1356,1763,2670,4071,5264,3021,4201,1713,2823,1176,4383,4071,8087,4197,4201,64,37,159,45,68,155,54,270,107,156,104,143,39,259,54,413,146,156,72,90,229,57,86,28,*,53,36,13,13,*,13,36,60,1024,2123,3134,1344,1792,*,1401,*,1348,*,3198,*,53,*,116,0,*,0,*,0,*,0,0,0,0,107,279,*,*,305,577,*,*,23,*,
Jul25,San Luis Obispo,,40,2025-26,2025,Jul 2025,63,64,-1,246,220,26,309,208,39,139,0,30,101,*,*,428,192,*,77,438,*,*,89,-1,-1,*,*,-3,*,*,48,12,*,*,*,*,*,*,0,*,*,*,*,0,*,0,0,0,*,*,22,*,*,*,*,*,*,*,82,447,476,204,92,82,434,450,*,*,183,824,708,375,179,144,430,191,327,824,1138,566,179,0,13,26,*,*,0,19,41,*,*,0,26,*,0,19,67,13,*,*,30,48,14,*,*,*,*,*,0,*,*,*,*,*,74,420,422,187,93,*,82,*,*,*,159,0,*,0,*,0,*,0,*,0,*,0,0,0,0,*,*,*,*,*,12,0,0,0,0,
Jul25,San Mateo,,41,2025-26,2025,Jul 2025,65,66,-1,242,*,*,307,253,13,188,0,52,54,*,*,304,*,*,75,*,305,*,77,-1,*,-1,*,-1,*,*,26,*,*,*,*,*,0,0,0,*,0,0,*,*,*,*,*,0,*,*,15,*,*,*,0,*,0,0,79,311,330,96,78,*,299,312,*,*,151,489,532,154,269,131,184,78,282,489,716,232,269,*,12,18,*,*,14,18,29,*,*,13,18,*,27,18,47,29,*,*,*,25,*,*,0,*,*,*,0,*,*,*,*,*,75,304,301,89,75,*,66,*,*,*,112,0,*,0,*,0,*,0,*,0,*,0,0,0,0,*,*,*,*,*,150,0,0,0,0,
Jul25,Santa Barbara,,42,2025-26,2025,Jul 2025,119,119,0,284,255,29,403,274,59,147,0,68,129,*,1419,613,272,296,119,1420,*,275,296,0,-1,*,-3,0,*,35,59,14,18,*,12,26,*,*,*,*,*,0,*,0,*,*,*,*,*,17,27,*,*,0,0,*,*,0,128,1454,672,286,314,*,1397,627,*,*,280,2948,1019,549,706,215,619,280,495,2948,1638,829,706,*,57,45,*,*,13,133,89,*,20,12,46,*,25,133,135,23,20,*,117,47,17,12,*,*,*,*,*,0,*,*,*,*,120,1335,623,266,310,13,287,*,*,41,640,*,*,*,*,0,0,0,0,0,0,0,0,0,0,*,*,*,*,*,*,0,0,0,0,
Jul25,Santa Clara,,43,2025-26,2025,Jul 2025,312,316,-4,683,634,49,995,719,186,254,0,279,276,554,1905,2023,612,859,556,1887,2031,*,862,-2,18,-8,*,-3,49,83,218,46,35,19,38,99,*,*,*,*,*,*,*,*,*,*,*,*,27,38,103,32,30,0,0,0,0,0,603,1988,2241,658,894,533,1946,2107,618,865,1314,3273,3262,1218,1808,943,1922,559,2257,3273,5184,1777,1808,70,42,134,40,29,158,61,213,81,*,126,123,35,284,61,336,116,59,30,81,154,37,58,*,*,39,20,*,*,*,17,32,*,565,1906,2065,633,855,32,629,*,608,90,1270,*,21,*,45,0,11,0,11,0,16,0,0,0,0,33,189,*,*,86,346,*,*,*,*,
Jul25,Santa Cruz,,44,2025-26,2025,Jul 2025,38,38,0,141,128,13,179,145,*,106,0,*,34,*,397,406,229,*,*,399,408,*,140,*,-2,-2,*,0,*,16,44,14,*,0,*,19,*,*,0,0,*,*,0,0,*,*,*,0,*,*,21,*,*,*,0,*,*,0,99,413,450,243,142,85,398,*,*,*,190,759,700,446,299,162,434,235,352,759,1134,681,299,14,15,*,*,*,40,29,*,*,*,25,*,*,65,29,27,25,*,*,*,23,14,12,*,0,*,*,*,*,*,*,*,*,95,384,421,228,135,*,117,*,*,*,241,0,*,0,*,0,*,0,*,0,*,0,0,0,0,*,14,*,14,25,23,0,0,0,0,
Jul25,Shasta,,45,2025-26,2025,Jul 2025,731,731,0,330,295,35,1061,321,56,232,0,33,740,184,*,605,243,233,*,434,623,*,235,*,-9,-18,*,-2,17,*,62,12,14,*,*,26,*,*,0,0,*,*,*,*,0,*,*,*,*,*,24,*,*,*,0,*,*,*,201,433,667,255,247,190,*,646,242,*,448,644,962,465,530,337,606,230,785,644,1568,695,530,11,*,21,13,*,17,*,26,23,*,18,17,11,35,*,43,34,*,*,*,41,11,14,*,*,*,*,*,*,*,*,*,*,191,426,622,242,240,*,125,*,*,*,268,0,*,0,*,0,0,0,0,0,0,0,0,0,0,*,95,*,*,*,187,*,*,*,*,
Jul25,Sierra,,46,2025-26,2025,Jul 2025,0,0,0,*,*,0,*,*,*,0,0,*,*,*,*,*,*,0,*,*,*,*,0,0,0,0,0,0,0,0,*,0,0,0,0,*,0,0,0,0,0,0,0,0,0,0,0,0,0,0,*,0,0,0,0,0,0,0,*,*,*,*,0,*,*,*,*,0,*,*,*,*,0,*,*,*,*,*,30,*,0,0,0,0,0,0,0,0,0,0,0,0,0,0,0,0,0,0,0,0,0,*,0,0,0,0,*,0,0,0,0,0,*,0,*,*,*,*,0,0,0,0,0,0,0,0,0,0,0,0,0,0,0,0,0,0,0,0,0,0,0,0,0,0,0,0,0,0,0,
Jul25,Siskiyou,,47,2025-26,2025,Jul 2025,39,39,0,44,*,*,83,41,*,23,0,*,42,*,*,*,*,*,*,95,126,65,*,*,0,-3,-1,*,*,*,*,*,*,0,*,*,*,0,0,0,*,0,0,0,0,0,0,0,*,*,*,*,*,*,0,*,0,*,60,98,133,66,84,*,98,*,66,*,122,160,214,140,176,101,127,67,223,160,341,207,176,*,0,*,0,*,*,0,*,0,*,*,*,0,*,0,*,0,*,*,*,*,*,*,*,0,*,*,0,0,*,0,*,*,54,92,115,64,83,0,68,0,*,0,143,0,*,0,*,0,0,0,0,0,0,0,0,0,0,*,*,*,*,12,21,0,0,0,0,
Jul25,Solano,,48,2025-26,2025,Jul 2025,195,199,-4,587,529,58,782,512,103,228,0,181,270,230,844,1210,447,634,*,833,1216,447,637,*,11,-6,0,-3,19,28,117,37,36,*,*,49,*,*,*,*,*,*,*,0,*,*,*,*,*,18,51,21,25,0,*,*,*,*,249,872,1327,484,670,*,853,1268,459,652,601,1485,1910,849,1326,438,1237,437,1039,1485,3147,1286,1326,*,19,59,25,18,17,34,99,43,*,13,59,26,30,34,158,69,40,16,40,83,15,41,*,*,*,17,*,*,*,*,17,*,233,834,1234,469,637,19,620,19,603,59,1201,0,*,0,*,0,*,0,*,0,*,0,0,0,0,*,20,*,*,*,44,0,*,0,*,
Jul25,Sonoma,,49,2025-26,2025,Jul 2025,90,90,0,249,233,16,339,246,37,184,0,25,93,*,483,699,*,*,*,*,700,*,120,*,*,-1,*,-2,*,19,50,*,*,*,*,17,0,0,*,*,*,0,0,*,*,*,*,0,*,*,26,*,*,0,0,*,0,0,136,502,749,248,120,125,*,738,*,*,263,819,1142,424,248,223,674,217,486,819,1816,641,248,11,*,11,*,*,18,*,*,*,*,19,*,*,37,*,25,*,*,*,*,*,13,*,*,0,*,*,0,*,*,0,*,*,131,484,698,231,115,*,102,*,*,*,210,0,*,0,*,0,0,0,0,0,0,0,0,0,0,*,12,*,12,*,25,0,0,0,0,
Jul25,Stanislaus,,50,2025-26,2025,Jul 2025,264,265,-1,868,801,67,1132,926,138,685,0,103,206,1226,1711,1816,1072,889,*,1696,*,1072,891,*,15,*,0,-2,57,52,147,44,35,18,16,64,*,13,*,*,*,0,*,*,*,*,*,*,35,24,62,30,18,*,*,*,*,0,1283,1763,1963,1116,924,1236,1728,1884,1080,898,3398,3047,3141,2229,1998,2255,1805,1026,5653,3047,4946,3255,1998,47,35,79,36,26,109,54,122,66,*,84,74,30,193,54,196,96,63,59,74,120,51,40,*,*,28,32,*,*,*,12,27,*,1213,1692,1827,1060,913,64,698,*,680,185,1472,*,18,*,49,0,*,0,*,0,11,0,0,0,0,*,112,*,*,118,212,*,*,*,*,
Jul25,Sutter,,51,2025-26,2025,Jul 2025,45,46,-1,134,117,17,179,133,30,62,0,41,46,310,304,322,*,208,310,306,*,148,208,0,-2,*,-1,0,14,12,39,*,16,*,*,*,*,*,0,*,*,*,*,*,*,*,*,*,*,*,18,*,*,0,0,*,*,*,324,316,361,156,224,*,*,347,*,*,963,567,577,350,498,583,318,142,1546,567,895,492,498,*,*,14,*,*,20,11,15,*,*,16,11,*,36,11,26,17,19,16,*,27,11,21,*,*,*,*,*,*,*,*,*,*,310,308,332,144,205,*,136,*,*,55,289,*,*,*,11,0,*,0,*,0,*,0,0,0,0,21,47,*,*,*,99,*,*,*,*,
Jul25,Tehama,,52,2025-26,2025,Jul 2025,62,62,0,88,*,*,150,92,18,52,0,22,58,*,*,228,*,*,78,206,228,95,107,0,0,0,0,0,*,*,21,*,*,*,*,*,*,0,0,*,*,*,0,*,0,*,0,*,*,*,*,*,*,0,0,*,0,0,84,212,249,99,109,*,*,*,*,*,175,358,396,214,206,121,218,87,296,358,614,301,206,*,*,*,*,*,19,*,*,*,*,17,*,*,36,*,20,*,*,*,*,14,*,*,0,0,*,*,*,0,*,*,*,*,*,205,231,92,100,*,67,*,*,*,140,0,*,0,*,0,0,0,0,0,0,0,0,0,0,*,29,*,*,*,49,0,*,0,*,
Jul25,Trinity,,53,2025-26,2025,Jul 2025,*,*,0,*,*,*,19,*,*,*,0,0,*,*,21,*,21,18,*,21,54,21,18,*,0,-3,0,0,*,0,*,0,0,0,0,*,0,0,0,0,*,0,0,0,0,*,0,0,*,0,*,0,0,*,0,*,0,0,43,21,61,21,*,*,21,*,*,18,82,29,97,40,39,77,56,20,159,29,153,60,39,*,0,*,*,0,*,0,*,*,0,0,*,*,*,0,*,*,0,*,*,*,*,0,*,0,0,*,0,0,0,*,0,*,38,*,55,17,20,*,15,*,15,*,28,0,0,0,0,0,*,0,*,0,*,0,0,0,0,0,0,0,0,0,0,0,0,0,0,
Jul25,Tulare,,54,2025-26,2025,Jul 2025,356,356,0,739,552,187,1095,758,316,341,*,101,337,1247,3223,3076,1554,1799,*,*,3092,1540,1812,*,*,-16,14,-13,82,116,248,79,54,22,42,112,22,*,*,*,*,*,*,*,*,*,*,0,45,37,89,40,33,*,*,*,*,*,1329,3339,3324,1633,1853,1267,3295,3214,1592,1798,3055,6579,5363,3575,4325,2256,3110,1532,5311,6579,8473,5107,4325,62,44,110,41,55,130,84,160,77,109,111,109,40,241,84,269,117,109,73,128,196,55,72,22,*,68,66,38,17,*,28,72,74,1251,3214,3088,1584,1817,87,1674,*,1624,274,3830,*,*,13,96,*,*,*,*,*,*,0,0,0,0,26,47,26,47,66,119,0,0,0,0,
Jul25,Tuolumne,,55,2025-26,2025,Jul 2025,31,31,0,67,56,11,98,66,*,49,0,*,32,*,*,*,*,*,20,*,83,26,32,0,*,-1,0,-1,*,*,*,*,*,0,0,*,0,0,*,*,*,0,*,0,0,*,0,*,*,*,*,*,*,0,0,*,*,*,23,76,88,28,34,*,76,*,28,*,44,103,141,48,63,41,80,26,85,103,221,74,63,*,0,*,0,*,*,0,*,0,*,*,*,0,*,0,*,0,*,*,*,*,*,*,*,0,*,*,0,0,*,0,*,*,18,73,80,24,28,0,*,0,16,0,34,0,0,0,0,0,0,0,0,0,0,0,0,0,0,*,16,*,*,*,*,0,*,0,*,
Jul25,Ventura,,56,2025-26,2025,Jul 2025,266,266,0,591,516,75,857,550,123,277,0,150,307,209,1234,1040,412,279,*,*,1040,*,283,*,*,0,*,-4,16,46,146,25,12,*,*,67,*,*,0,*,*,*,*,*,*,*,*,0,*,22,59,12,*,*,0,*,*,*,225,1280,1186,437,291,200,1241,1132,413,278,444,2412,1856,838,574,353,1035,378,797,2412,2891,1216,574,25,39,54,24,13,50,72,93,48,*,40,43,23,90,72,136,71,25,11,61,79,21,17,*,*,30,13,*,*,*,11,19,*,211,1225,1088,422,284,*,145,*,*,*,287,*,*,*,18,0,*,0,*,0,*,0,0,0,0,22,121,*,*,52,230,*,*,*,*,
Jul25,Yolo,,57,2025-26,2025,Jul 2025,1135,1135,0,243,214,29,1378,214,29,110,0,75,1164,215,239,307,115,161,216,*,308,*,162,-1,*,-1,*,-1,13,15,32,15,17,*,*,*,*,*,0,*,*,*,*,*,0,0,*,*,*,11,18,*,11,0,*,*,*,*,228,254,339,130,178,214,*,315,*,*,638,414,517,268,379,389,295,117,1027,414,812,385,379,14,*,24,*,*,36,*,34,*,*,26,23,*,62,*,57,24,*,*,14,20,*,*,*,*,*,*,0,0,*,*,0,*,206,239,322,114,170,*,106,*,*,14,224,0,*,0,*,0,0,0,0,0,0,0,0,0,0,*,53,*,53,36,105,0,0,0,0,
Jul25,Yuba,,58,2025-26,2025,Jul 2025,19,19,0,140,116,24,159,136,39,81,0,16,23,211,*,458,245,284,*,284,461,*,288,*,-2,-3,*,-4,16,*,53,12,11,*,*,22,*,0,*,0,*,*,0,0,*,*,*,*,*,*,23,*,*,*,0,*,*,*,227,290,511,257,295,*,*,495,*,282,587,484,800,549,667,382,469,243,969,484,1269,792,667,*,*,16,*,13,*,*,21,*,*,*,16,*,25,*,37,11,32,19,*,41,18,*,*,0,*,*,*,*,*,*,*,16,212,281,456,233,297,*,205,*,*,*,443,*,*,*,22,0,*,0,*,0,*,0,0,0,0,28,50,*,*,81,112,*,*,*,*,
Aug25,Statewide,,0,2025-26,2025,Aug 2025,16930,17020,*,36484,31191,5293,53414,35949,8822,21787,*,5340,17465,32416,85799,100670,44019,53830,*,85912,100943,43664,54189,*,-113,-273,355,-359,2151,3078,9056,2261,2071,733,1016,3838,453,293,228,469,1008,384,400,90,118,359,142,103,1100,1475,3851,1282,1275,153,87,594,180,115,34567,88877,109726,46280,55901,32433,87306,104759,44582,53978,79398,160497,167347,94436,123041,56990,95979,41012,136388,160497,*,135448,123041,2134,1571,4967,1698,1923,4649,2920,7768,3287,4108,3618,4493,1542,8267,2920,12261,4829,4108,2272,4296,8061,2579,2867,564,290,1861,1461,538,291,435,740,1355,1893,32022,84726,100544,43595,54389,1822,39913,1734,38413,5211,86377,*,1500,*,3164,*,*,*,*,*,*,0,*,0,*,2928,10801,2820,10580,8180,22445,108,221,296,404,
Aug25,Alameda,,1,2025-26,2025,Aug 2025,,,,,,,,,,,,,,,,,,,,,,,,,,,,,,,,,,,,,,,,,,,,,,,,,,,,,,,,,,,,,,,,,,,,,,,,,,,,,,,,,,,,,,,,,,,,,,,,,,,,,,,,,,,,,,,,,,,,,,,,,,,,,,,,,,,,,,,,,,,,,,,,,,,,,,
Aug25,Alpine,,2,2025-26,2025,Aug 2025,0,0,0,0,0,0,0,0,0,0,0,0,0,*,0,*,0,*,*,0,*,0,*,0,0,0,0,0,0,0,0,0,0,0,0,0,0,0,0,0,0,0,0,0,0,0,0,0,0,0,0,0,0,0,0,0,0,0,*,0,*,0,*,*,0,*,0,*,*,0,*,0,*,*,*,0,*,0,*,0,*,0,0,0,0,0,0,0,0,0,0,0,0,0,0,0,0,0,0,0,0,0,0,0,*,0,0,0,0,0,0,0,0,*,0,0,*,0,*,0,*,0,*,0,*,0,0,0,0,0,0,0,0,0,0,0,0,0,0,0,0,0,0,0,0,0,0,0,0,
Aug25,Amador,,3,2025-26,2025,Aug 2025,19,19,0,35,*,*,54,38,*,25,0,*,16,*,*,*,36,19,33,54,85,36,19,0,0,0,0,0,*,*,*,0,0,*,*,*,0,0,0,*,*,0,0,*,0,0,0,0,0,0,*,0,0,0,0,*,0,0,*,56,94,36,19,*,56,*,*,*,72,76,147,54,34,63,86,37,135,76,233,91,34,*,0,*,*,*,*,0,*,*,*,*,*,*,12,0,14,*,*,0,*,*,*,*,0,0,*,*,0,*,0,0,0,*,36,*,89,31,19,*,15,*,*,*,29,0,*,0,*,0,0,0,0,0,0,0,0,0,0,0,*,0,*,0,*,0,0,0,0,
Aug25,Butte,,4,2025-26,2025,Aug 2025,300,301,-1,365,338,27,665,342,58,132,0,152,323,305,456,697,404,301,*,*,700,407,302,*,*,-3,-3,-1,26,20,83,36,20,*,*,25,*,*,*,0,*,*,*,*,0,*,*,*,18,*,46,25,13,*,*,*,*,*,331,476,780,440,321,317,*,754,429,*,750,743,1168,876,672,551,753,428,1301,743,1921,1304,672,14,*,26,11,*,31,*,33,21,*,25,22,11,56,*,55,32,30,*,27,69,35,21,*,*,*,*,*,0,*,*,*,*,290,452,708,409,304,16,206,16,*,47,407,0,*,0,19,0,0,0,0,0,0,0,0,0,0,31,68,*,*,71,147,*,*,*,*,
Aug25,Calaveras,,5,2025-26,2025,Aug 2025,15,15,0,47,*,*,62,45,*,28,0,*,17,*,*,*,*,*,25,65,85,40,34,0,0,-1,0,0,*,*,*,*,*,0,*,*,*,0,0,0,*,*,*,*,0,0,0,0,*,0,*,0,0,0,0,0,0,0,27,66,89,42,35,*,66,89,*,*,55,115,135,77,61,44,85,39,99,115,220,116,61,*,0,0,*,*,*,0,0,*,*,*,0,*,*,0,0,*,*,*,*,*,0,*,*,0,*,*,0,0,*,*,*,*,24,64,83,42,35,*,26,*,*,*,45,0,*,0,*,0,0,0,0,0,0,0,0,0,0,0,*,0,*,0,*,0,0,0,0,
Aug25,Colusa,,6,2025-26,2025,Aug 2025,*,*,0,*,*,*,27,*,*,12,0,*,*,13,*,*,15,12,13,55,37,15,12,0,0,0,0,0,0,*,*,0,0,0,*,*,0,0,0,0,*,0,0,0,0,*,0,0,0,*,*,0,0,0,0,0,0,0,13,60,44,15,*,*,*,*,15,*,22,94,77,35,29,22,35,14,44,94,112,49,29,*,*,*,0,*,*,0,*,0,0,*,*,0,*,0,15,0,0,*,*,*,*,0,0,0,0,*,0,0,0,0,0,*,*,*,*,11,14,0,*,0,*,0,*,0,0,0,0,0,0,0,0,0,0,0,0,0,0,0,*,0,*,0,*,0,*,0,0,
Aug25,Contra Costa,,7,2025-26,2025,Aug 2025,304,308,-4,843,773,70,1147,803,142,496,0,165,344,735,1588,2073,751,1353,738,1597,*,*,1358,-3,-9,*,*,-5,50,68,161,39,46,15,22,66,*,*,*,*,*,*,*,*,*,*,*,*,26,36,78,30,31,0,0,*,*,0,785,1656,2234,790,1399,735,1636,2122,750,1350,2014,2768,3288,1480,2749,1404,2054,732,3418,2768,5342,2212,2749,50,20,112,40,49,111,37,171,77,*,92,103,40,203,37,274,117,93,60,73,133,39,69,*,*,34,18,*,*,*,16,22,*,718,1583,2083,755,1351,*,896,*,862,*,1780,0,34,0,67,0,*,0,*,0,*,0,0,0,0,64,421,*,407,164,760,*,*,*,*,
Aug25,Del Norte,,8,2025-26,2025,Aug 2025,11,13,-2,32,*,*,43,32,14,18,0,0,11,*,*,148,*,*,70,78,*,83,86,0,0,*,0,0,*,*,19,*,*,*,*,*,*,0,0,0,*,0,0,0,0,0,0,0,*,*,12,*,*,0,0,0,0,0,77,82,167,92,89,*,82,*,*,*,157,143,259,188,174,128,158,90,285,143,417,278,174,*,0,*,*,*,*,0,*,*,*,*,*,*,18,0,24,*,*,*,*,*,*,*,0,0,*,*,0,0,0,0,*,*,*,*,157,85,88,12,72,*,72,24,139,*,0,*,0,0,*,0,*,0,*,0,0,0,0,*,*,*,*,*,*,0,0,0,0,
Aug25,El Dorado,,9,2025-26,2025,Aug 2025,112,112,0,118,*,*,230,139,18,105,0,16,91,*,*,262,*,*,*,142,265,97,71,*,0,-3,-2,0,*,*,20,*,*,*,*,11,*,*,0,0,*,0,*,0,*,*,*,*,*,*,*,*,*,0,0,0,*,0,75,146,282,100,77,*,*,265,*,*,164,201,407,186,130,139,264,99,303,201,671,285,130,*,*,17,*,*,*,*,26,*,13,*,17,*,11,*,43,*,13,*,*,*,*,*,0,0,*,*,0,0,0,0,*,*,*,*,248,92,73,*,71,*,*,*,117,0,*,0,13,0,0,0,0,0,0,0,0,0,0,*,0,*,0,*,0,0,0,0,0,
Aug25,Fresno,,10,2025-26,2025,Aug 2025,594,598,-4,1385,1155,230,1979,1435,459,821,0,155,544,2165,4873,5248,2858,4302,*,*,5251,*,4331,*,*,-3,*,-29,142,143,462,156,139,41,44,200,42,*,*,*,*,*,18,*,*,*,*,*,81,80,210,85,103,*,*,*,*,*,2307,5016,5710,3014,4441,2161,4923,5488,2916,4304,5496,9716,9155,6572,11030,3639,5055,2702,9135,9716,14210,9274,11030,146,93,222,98,137,370,201,366,198,335,239,204,85,609,201,570,283,335,146,197,393,152,237,33,14,94,79,24,13,21,43,61,106,2141,4826,5266,2844,4286,140,2661,*,2568,446,6329,*,93,*,212,0,26,0,*,0,59,0,*,0,*,388,1226,374,1207,1297,2899,14,19,47,38,
Aug25,Glenn,,11,2025-26,2025,Aug 2025,11,11,0,24,*,*,35,22,*,*,0,*,13,*,*,*,*,*,40,79,92,52,34,-4,0,0,-1,0,*,*,*,*,*,*,*,*,0,0,0,0,*,0,0,0,*,0,0,0,*,0,*,*,*,0,0,0,0,0,42,81,102,53,37,*,*,*,*,*,103,141,154,109,67,69,100,54,172,141,254,163,67,*,*,*,*,*,*,*,*,*,*,*,*,*,*,*,*,*,*,*,*,*,*,*,*,*,*,*,0,*,0,*,*,0,39,74,99,52,*,*,26,*,26,*,46,*,0,*,0,0,0,0,0,0,0,0,0,0,0,0,*,0,*,0,*,0,0,0,0,
Aug25,Humboldt,,12,2025-26,2025,Aug 2025,68,71,-3,124,110,14,192,129,27,79,0,23,63,212,*,561,208,*,*,*,566,208,148,*,*,-5,0,0,16,*,56,14,*,*,*,14,*,0,0,0,*,0,0,0,*,*,0,*,*,*,36,*,*,*,*,*,*,*,228,239,617,222,154,*,*,592,*,*,464,334,838,418,307,418,587,217,882,334,1425,635,307,*,*,25,*,*,13,20,37,*,*,15,26,*,28,20,63,15,13,18,*,49,*,*,*,0,*,*,*,*,*,*,*,*,206,235,559,223,158,*,136,*,*,34,262,0,*,0,*,0,0,0,0,0,0,0,0,0,0,*,*,*,*,*,*,0,*,0,*,
Aug25,Imperial,,13,2025-26,2025,Aug 2025,88,90,-2,323,285,38,411,255,52,107,0,96,156,303,*,1081,619,683,*,552,*,619,694,*,-2,*,0,-11,14,*,74,24,23,*,*,*,*,*,0,*,*,*,*,0,*,0,*,0,*,*,42,15,17,0,*,13,*,*,317,560,1155,643,706,299,546,1113,625,682,720,1046,2072,1401,1613,523,1036,599,1243,1046,3108,2000,1613,18,14,42,18,24,36,31,81,38,*,28,39,17,64,31,120,55,49,*,27,60,30,19,*,*,21,11,11,*,*,11,17,21,304,530,1085,619,697,*,310,*,299,*,667,*,11,*,21,0,*,0,*,0,*,0,0,0,0,63,323,*,*,174,755,*,*,*,17,
Aug25,Inyo,,14,2025-26,2025,Aug 2025,,,,,,,,,,,,,,,,,,,,,,,,,,,,,,,,,,,,,,,,,,,,,,,,,,,,,,,,,,,,,,,,,,,,,,,,,,,,,,,,,,,,,,,,,,,,,,,,,,,,,,,,,,,,,,,,,,,,,,,,,,,,,,,,,,,,,,,,,,,,,,,,,,,,,,
Aug25,Kern,,15,2025-26,2025,Aug 2025,553,563,-10,1586,1282,304,2139,1575,487,934,0,154,564,1868,5036,5750,2738,2417,*,5042,5761,*,2421,*,-6,-11,*,-4,105,124,513,106,103,32,47,240,*,*,*,*,58,21,20,*,*,20,*,*,52,52,195,59,59,*,*,27,*,*,1973,5160,6263,2844,2520,1861,5078,5996,2768,2432,4651,10066,10140,6794,6223,3402,5794,2697,8053,10066,15934,9491,6223,112,82,267,76,88,265,164,432,177,*,193,247,73,458,164,679,250,203,110,180,397,127,116,33,*,103,85,37,19,*,44,104,96,1849,4975,5807,2736,2463,82,2035,*,1961,261,4940,*,74,*,172,0,42,0,42,0,99,0,0,0,0,74,287,*,*,227,696,*,*,*,18,
Aug25,Kings,,16,2025-26,2025,Aug 2025,103,104,-1,270,210,60,373,271,57,163,0,51,102,291,564,712,398,422,293,566,712,398,*,-2,-2,0,0,*,19,18,58,27,16,*,*,16,*,*,*,*,*,*,*,0,*,*,*,0,12,12,27,13,*,*,0,*,*,*,310,582,770,425,438,290,570,726,410,425,724,1097,1229,900,1036,490,679,379,1214,1097,1908,1279,1036,20,12,44,15,13,48,26,67,33,*,36,41,15,84,26,108,48,34,21,30,68,30,25,*,*,*,*,*,*,*,*,*,*,288,554,693,392,424,*,372,*,*,37,896,*,*,*,28,0,0,0,0,0,0,0,0,0,0,*,42,*,42,24,79,*,0,*,0,
Aug25,Lake,,17,2025-26,2025,Aug 2025,61,62,-1,235,122,113,296,106,22,42,0,42,190,132,*,302,*,*,*,215,303,*,106,*,-1,-1,*,-2,13,*,28,*,*,*,0,12,*,*,*,0,*,0,0,0,*,*,0,0,*,*,12,*,*,0,0,0,*,*,145,222,330,135,111,*,*,317,*,*,312,372,541,251,231,251,300,127,563,372,841,378,231,*,*,13,*,*,*,*,*,*,*,*,*,*,21,*,20,*,*,*,15,31,*,*,*,*,*,*,0,0,*,*,0,*,132,208,298,126,107,0,75,0,*,0,164,0,*,0,*,0,0,0,0,0,0,0,0,0,0,*,*,*,*,24,43,*,0,*,0,
Aug25,Lassen,,18,2025-26,2025,Aug 2025,53,53,0,33,*,*,86,27,*,16,0,*,59,*,*,*,*,*,57,51,*,40,64,0,-1,*,-1,0,*,*,*,*,*,*,0,*,0,0,0,0,0,0,0,0,0,*,0,0,*,*,*,*,*,0,0,0,0,0,63,55,110,42,67,*,*,*,*,67,123,83,161,95,134,104,105,37,227,83,266,132,134,*,*,*,*,0,*,*,*,*,0,*,*,*,18,*,15,*,0,*,*,*,*,*,*,0,*,*,0,0,0,0,*,*,56,*,94,39,66,*,*,*,*,*,*,0,0,0,0,0,0,0,0,0,0,0,0,0,0,0,0,0,0,0,0,0,0,0,0,
Aug25,Los Angeles,,19,2025-26,2025,Aug 2025,4842,4846,-4,10462,8494,1968,15304,10230,3286,6043,0,901,5074,8890,31574,34225,14534,20111,8903,31653,34324,14301,20355,-13,-79,-99,233,-244,547,1287,2971,761,767,217,428,1284,143,*,*,265,416,167,175,*,14,49,14,*,260,580,1222,437,455,51,21,277,83,39,9437,32861,37196,15295,20878,8852,32472,35596,14762,20155,18974,58585,53553,29662,44279,15541,32462,13586,34515,58585,86015,43248,44279,585,389,1600,533,723,1139,661,2413,1002,1484,977,1459,479,2116,661,3872,1481,1484,575,1684,2755,864,1102,166,112,629,581,208,83,149,249,480,735,8779,31214,34061,14330,20303,390,16029,367,15423,996,33998,*,606,*,1250,*,*,*,*,*,*,0,*,0,*,906,3354,878,3293,2367,6567,28,61,68,105,
Aug25,Madera,,20,2025-26,2025,Aug 2025,65,65,0,217,193,24,282,209,45,98,0,66,73,236,963,672,349,*,236,*,672,351,327,0,*,0,-2,0,14,21,54,19,*,*,*,21,*,*,*,*,*,*,*,*,*,*,*,*,*,*,28,*,*,0,*,*,*,*,250,984,726,368,337,229,962,698,352,324,569,2073,1215,798,780,407,689,353,976,2073,1904,1151,780,21,22,28,16,13,44,37,45,29,*,37,28,17,81,37,73,46,30,22,54,57,20,21,*,*,*,*,*,*,*,*,*,*,228,929,664,345,325,11,260,*,*,32,605,0,*,0,22,0,0,0,0,0,0,0,0,0,0,11,55,*,*,20,123,*,*,*,*,
Aug25,Marin,,21,2025-26,2025,Aug 2025,29,29,0,91,80,11,120,97,19,62,0,16,23,*,227,248,*,*,56,227,*,*,71,-1,0,*,*,-1,*,14,24,*,*,0,*,12,0,0,*,0,*,0,*,0,*,0,0,0,*,*,*,*,*,0,0,0,0,*,58,241,272,117,74,*,*,261,*,*,106,383,383,187,129,103,255,109,209,383,638,296,129,*,*,11,*,*,*,*,*,*,*,*,*,*,16,*,28,*,*,*,*,22,*,*,*,*,*,*,*,0,*,*,*,*,50,233,250,109,68,0,66,0,*,0,115,0,*,0,*,0,*,0,*,0,*,0,0,0,0,0,*,0,*,0,*,0,0,0,0,
Aug25,Mariposa,,22,2025-26,2025,Aug 2025,*,*,0,*,*,*,24,*,*,*,0,*,*,*,*,*,*,*,39,23,67,34,*,0,0,0,0,*,*,*,*,*,*,0,0,*,0,*,*,0,*,0,0,0,0,0,*,0,*,*,*,*,0,0,0,*,0,0,41,24,73,37,34,*,24,*,*,34,88,39,128,65,69,74,72,38,162,39,200,103,69,*,0,*,*,0,*,0,*,*,0,*,*,*,*,0,*,*,0,*,*,*,*,*,*,0,*,0,*,*,0,*,0,*,39,*,65,*,30,*,18,*,18,*,36,0,0,0,0,0,0,0,0,0,0,0,0,0,0,*,*,*,*,*,18,0,0,0,0,
Aug25,Mendocino,,23,2025-26,2025,Aug 2025,42,43,-1,94,80,14,136,98,18,63,0,17,38,*,*,296,*,*,*,160,297,*,137,*,0,-1,*,-2,*,*,24,*,*,*,0,12,0,0,0,*,*,0,*,*,0,*,0,0,0,*,*,*,*,0,0,*,0,0,82,163,320,93,140,*,*,*,*,*,150,290,496,194,261,128,287,83,278,290,783,277,261,*,*,*,*,*,19,*,*,*,*,15,*,*,34,*,22,*,*,*,*,25,*,14,*,0,*,*,*,*,*,*,*,*,75,156,295,88,125,*,76,*,*,*,140,0,*,0,*,0,0,0,0,0,0,0,0,0,0,*,47,*,*,*,78,*,*,*,*,
Aug25,Merced,,24,2025-26,2025,Aug 2025,470,473,-3,520,452,68,990,537,101,241,0,195,453,548,1476,1331,825,967,*,1476,1334,*,970,*,0,-3,*,-3,34,47,115,39,32,*,*,47,*,*,*,*,*,*,*,*,0,*,*,*,22,30,53,25,24,*,*,13,*,*,582,1523,1446,864,999,555,1498,1403,846,972,1384,2882,2373,1952,2397,936,1260,771,2320,2882,3633,2723,2397,27,25,43,18,27,79,39,65,35,66,45,34,19,124,39,99,54,66,32,57,109,51,41,*,*,36,26,11,*,*,15,26,35,542,1471,1316,813,982,*,650,*,636,*,1524,*,14,*,32,0,*,0,*,0,*,0,0,0,0,84,223,*,*,241,517,*,*,*,*,
Aug25,Modoc,,25,2025-26,2025,Aug 2025,*,*,0,*,*,0,12,*,*,*,0,*,*,*,*,*,*,20,*,28,53,12,20,*,0,-2,0,0,*,*,*,*,0,0,0,*,0,0,0,0,0,0,0,0,0,0,0,0,*,*,0,*,0,0,0,0,0,0,*,29,53,13,20,*,*,*,*,*,41,46,79,21,41,27,46,12,68,46,125,33,41,*,*,*,*,*,*,*,*,*,*,*,*,*,*,*,*,*,*,0,0,*,*,0,0,0,*,0,0,*,0,0,0,0,18,29,46,*,20,0,14,0,*,0,28,0,*,0,*,0,0,0,0,0,0,0,0,0,0,*,*,*,*,*,*,0,0,0,0,
Aug25,Mono,,26,2025-26,2025,Aug 2025,*,*,0,*,*,*,*,*,*,*,0,*,*,*,*,*,*,*,*,*,*,*,*,0,-1,*,0,0,0,0,*,0,0,0,0,*,0,0,0,0,0,0,0,0,0,0,0,0,0,0,0,0,0,0,0,0,0,0,*,*,*,*,*,*,*,*,*,*,*,16,*,*,*,*,*,*,20,16,31,*,*,0,0,*,0,0,0,0,*,0,0,0,*,0,0,0,*,0,0,*,0,0,0,0,0,*,0,0,0,0,0,*,0,0,*,*,12,*,*,0,*,0,*,0,*,0,0,0,0,0,0,0,0,0,0,0,0,0,0,0,0,0,0,0,0,0,0,0,0,
Aug25,Monterey,,27,2025-26,2025,Aug 2025,109,112,-3,389,328,61,498,354,77,217,0,60,144,*,1774,812,300,*,157,1777,816,*,296,-1,-3,-4,*,0,*,47,86,19,*,*,13,39,*,0,0,*,*,*,0,*,*,*,*,0,*,24,37,*,*,0,*,*,*,*,166,1821,898,319,306,151,1633,835,303,*,363,3449,1485,672,680,248,677,261,611,3449,2162,933,680,15,188,63,16,*,40,465,107,33,*,28,53,15,68,465,160,48,21,23,156,69,17,14,*,*,*,*,*,*,*,*,*,*,144,1668,819,301,299,*,116,*,*,*,269,*,*,*,*,0,*,0,*,0,*,0,0,0,0,42,144,*,*,112,290,*,*,12,*,
Aug25,Napa,,28,2025-26,2025,Aug 2025,22,22,0,73,*,*,95,72,11,34,0,27,23,*,169,*,*,*,38,169,186,51,29,0,0,-2,0,-1,*,12,*,*,*,*,*,*,*,0,*,0,0,0,*,*,0,0,0,0,0,*,*,0,0,0,0,0,0,0,42,181,190,52,29,*,*,167,*,*,85,282,278,103,57,56,163,44,141,282,441,147,57,*,*,23,*,*,*,*,23,*,*,*,25,*,32,*,48,*,*,*,*,15,*,*,*,0,0,*,*,0,*,0,*,*,36,173,175,47,29,0,16,0,16,0,32,0,0,0,0,0,0,0,0,0,0,0,0,0,0,*,*,*,*,*,*,0,*,0,*,
Aug25,Nevada,,29,2025-26,2025,Aug 2025,26,26,0,59,*,*,85,61,*,45,*,*,24,*,*,209,*,*,45,93,209,66,56,0,0,0,0,0,*,*,20,*,*,0,0,*,0,0,0,0,*,0,*,*,*,0,0,0,*,*,12,*,*,0,*,*,*,0,47,95,229,68,61,*,*,*,*,*,95,122,311,114,124,69,194,62,164,122,505,176,124,*,*,*,*,*,*,*,*,*,*,*,*,*,19,*,21,*,*,*,*,*,*,*,*,0,0,0,*,0,0,*,0,*,41,*,208,*,57,*,30,*,*,*,59,0,*,0,*,0,0,0,0,0,0,0,0,0,0,*,28,*,28,*,57,0,0,0,0,
Aug25,Orange,,30,2025-26,2025,Aug 2025,538,542,-4,1815,1630,185,2353,1843,389,957,0,497,510,1281,4249,3932,1377,1206,1283,4251,3933,*,1219,-2,-2,-1,*,-13,89,134,351,66,51,45,52,178,20,12,*,*,*,*,*,*,*,*,*,*,33,66,116,33,32,*,*,11,*,*,1370,4383,4283,1443,1257,1288,4300,4112,1389,1210,3084,8173,6552,2862,1593,2381,3733,1308,5465,8173,10285,4170,1593,82,83,171,54,47,156,147,262,98,*,153,156,50,309,147,418,148,87,104,179,322,81,79,*,*,59,29,18,*,*,26,37,38,1261,4214,3928,1370,1198,*,515,*,487,76,110,*,28,*,52,0,*,0,*,0,13,0,0,0,0,144,559,*,544,358,1036,*,15,*,22,
Aug25,Placer,,31,2025-26,2025,Aug 2025,161,162,-1,220,204,16,381,234,31,165,0,38,147,380,*,381,110,105,385,211,385,111,105,-5,-4,-4,-1,0,31,*,55,11,14,*,*,13,*,*,*,0,*,*,*,*,*,*,*,*,14,*,30,*,*,*,0,*,0,*,411,217,436,121,119,386,*,403,*,*,1116,321,640,234,268,753,391,111,1869,321,1031,345,268,25,*,33,*,*,57,12,49,*,13,47,30,*,104,12,79,21,13,48,*,30,*,*,*,0,*,*,0,*,*,*,*,*,360,201,405,106,112,14,87,*,*,46,185,*,*,*,*,0,0,0,0,0,0,0,0,0,0,*,*,*,13,13,24,0,0,0,0,
Aug25,Plumas,,32,2025-26,2025,Aug 2025,*,*,0,*,*,*,21,*,*,*,0,*,*,14,*,*,*,*,14,31,55,15,15,0,0,-1,0,0,0,*,*,*,*,0,*,*,0,0,0,0,*,0,0,0,0,0,0,0,0,0,0,*,*,0,0,0,0,0,14,32,59,17,16,14,32,59,17,16,28,44,95,31,37,26,50,15,54,44,145,46,37,0,0,0,0,0,0,0,0,0,0,0,0,0,0,0,0,0,0,*,*,*,*,0,0,0,0,0,0,0,0,0,0,0,*,*,*,*,16,*,*,*,*,*,*,0,0,0,0,0,0,0,0,0,0,0,0,0,0,0,*,0,*,0,21,0,0,0,0,
Aug25,Riverside,,33,2025-26,2025,Aug 2025,1082,*,*,3627,3216,411,4709,3619,620,2538,0,461,1090,1953,4591,7270,2906,2725,1955,4592,7284,2886,2734,-2,-1,-14,20,-9,159,164,797,177,113,49,47,316,33,*,*,19,86,32,23,*,20,50,27,*,91,78,345,85,66,*,*,29,*,*,2112,4755,8067,3083,2838,1977,4666,7691,2958,2725,5016,8618,12819,6448,6536,3556,7137,2702,8572,8618,19956,9150,6536,135,89,376,125,113,281,148,585,270,252,232,336,109,513,148,921,379,252,156,225,703,185,159,23,29,112,84,28,21,44,46,89,76,1954,4545,7298,2903,2727,69,2279,*,2185,222,5252,*,94,*,209,0,35,0,35,0,79,0,0,0,0,87,368,*,*,244,739,*,*,18,*,
Aug25,Sacramento,,34,2025-26,2025,Aug 2025,,,,,,,,,,,,,,,,,,,,,,,,,,,,,,,,,,,,,,,,,,,,,,,,,,,,,,,,,,,,,,,,,,,,,,,,,,,,,,,,,,,,,,,,,,,,,,,,,,,,,,,,,,,,,,,,,,,,,,,,,,,,,,,,,,,,,,,,,,,,,,,,,,,,,,
Aug25,San Benito,,35,2025-26,2025,Aug 2025,24,26,-2,48,*,*,72,58,14,32,0,12,14,*,*,131,*,*,23,102,131,56,*,0,0,0,0,*,*,*,13,*,*,0,*,*,*,0,0,*,*,0,0,0,*,0,0,*,*,*,*,0,*,*,0,*,0,*,24,108,144,59,43,*,*,*,*,*,53,200,222,116,83,44,131,51,97,200,353,167,83,*,*,*,*,*,*,*,*,*,*,*,*,*,*,*,25,*,*,*,*,12,*,*,0,0,0,*,0,0,0,0,0,*,*,*,132,54,45,0,32,0,*,0,63,0,*,0,*,0,0,0,0,0,0,0,0,0,0,*,*,*,*,*,*,0,0,0,0,
Aug25,San Bernardino,,36,2025-26,2025,Aug 2025,1384,1409,-25,3151,2721,430,4535,3266,751,2091,0,424,1269,2695,6488,8842,4734,6003,2695,6494,8865,4722,6015,0,-6,-23,12,-12,205,197,803,236,234,71,61,320,48,40,*,29,77,36,47,*,21,59,26,21,102,86,347,126,126,*,*,27,11,*,2900,6685,9645,4970,6237,2697,6567,9078,4720,6022,6752,12014,15328,10491,14709,4016,7590,3966,10768,12014,22918,14457,14709,203,118,567,250,215,513,219,903,490,483,303,471,215,816,219,1374,705,483,179,304,649,298,297,63,18,210,121,70,23,63,63,147,186,2681,6426,8849,4698,6056,107,3729,*,3568,364,8661,*,161,13,358,0,49,0,49,0,99,0,0,0,0,495,1857,481,1822,1478,4107,*,35,42,70,
Aug25,San Diego,,37,2025-26,2025,Aug 2025,1318,1322,-4,2882,2500,382,4200,2790,526,1963,0,301,1410,3260,3150,6179,1973,3000,3261,3152,6212,1962,*,-1,-2,-33,11,*,177,108,591,105,97,55,45,252,23,*,*,*,61,*,22,*,*,16,*,*,96,46,262,64,60,24,*,44,14,13,3437,3258,6770,2078,3097,3254,3205,6425,2000,3003,9541,5487,10832,4254,7038,5971,5617,1687,15512,5487,16449,5941,7038,183,53,345,78,94,363,87,562,140,193,317,290,63,680,87,852,203,193,210,175,533,138,145,*,24,118,65,16,*,24,46,70,115,3195,3083,6165,1945,3051,507,1955,493,1896,1425,4238,*,59,40,118,0,12,0,12,0,16,0,0,0,0,110,513,*,499,285,1074,*,14,12,23,
Aug25,San Francisco,,38,2025-26,2025,Aug 2025,199,203,-4,564,518,46,763,587,75,462,0,50,176,264,882,1489,532,491,266,886,1490,518,499,-2,-4,-1,14,-8,22,44,124,44,15,*,*,44,*,*,0,*,*,*,*,*,*,*,*,*,16,35,72,28,*,0,0,*,0,0,286,926,1613,576,506,267,915,1547,562,486,555,1329,2229,987,987,512,1553,561,1067,1329,3782,1548,987,19,11,66,14,20,32,19,88,21,29,35,64,14,67,19,152,35,29,23,34,127,29,*,*,*,21,26,*,*,*,14,11,24,257,897,1479,532,517,14,478,14,458,52,906,0,20,0,29,0,*,0,*,0,*,0,0,0,0,*,*,*,*,*,16,0,0,0,0,
Aug25,San Joaquin,,39,2025-26,2025,Aug 2025,393,394,-1,1146,1036,110,1539,1055,270,545,0,240,484,1022,2116,3121,1349,1791,1024,2123,3134,*,1792,-2,-7,-13,*,-1,84,84,274,60,82,34,31,120,18,*,*,*,*,*,13,*,*,*,*,*,42,41,122,33,51,*,12,41,*,13,1106,2200,3395,1409,1873,1032,2163,3254,1366,1797,2609,4057,5272,3070,4273,1696,2842,1193,4305,4057,8114,4263,4273,74,37,141,43,76,189,60,237,90,159,125,129,38,314,60,366,128,159,75,95,248,66,88,23,*,71,57,20,14,*,18,43,94,1022,2107,3094,1329,1859,*,1415,*,1355,*,3200,*,60,*,117,0,*,0,*,0,*,0,0,0,0,122,292,*,*,345,608,*,*,25,*,
Aug25,San Luis Obispo,,40,2025-26,2025,Aug 2025,100,101,-1,215,202,13,315,227,41,148,0,38,88,75,420,419,*,*,*,420,422,187,93,*,0,-3,0,-1,11,17,45,*,*,*,*,17,*,*,*,*,*,*,*,0,0,*,*,0,*,*,20,*,0,*,*,*,*,0,86,437,464,196,94,86,426,436,*,*,194,812,683,357,185,144,415,181,338,812,1098,538,185,0,11,28,*,*,0,14,39,*,*,0,26,*,0,14,65,21,*,*,27,43,14,*,0,*,*,*,0,*,*,*,*,*,79,412,416,178,96,*,84,*,*,*,165,0,*,0,*,0,*,0,*,0,*,0,0,0,0,*,*,*,*,*,14,0,0,0,0,
Aug25,San Mateo,,41,2025-26,2025,Aug 2025,54,54,0,240,*,*,294,249,13,193,0,43,45,*,*,300,*,*,75,304,301,*,*,0,-1,-1,*,*,*,*,33,*,*,0,*,*,*,0,0,0,0,*,*,0,*,*,*,*,*,*,19,*,*,*,0,*,0,0,79,311,333,97,84,*,*,312,*,*,149,495,530,157,143,133,281,78,282,495,811,235,143,*,*,21,*,*,13,15,38,*,*,14,21,*,27,15,59,20,*,*,*,24,*,*,*,*,*,*,0,0,0,*,*,*,73,291,307,92,82,*,67,*,*,*,113,0,*,0,*,0,0,0,0,0,0,0,0,0,0,*,13,*,*,*,20,0,*,0,*,
Aug25,Santa Barbara,,42,2025-26,2025,Aug 2025,127,129,-2,312,272,40,439,272,62,169,0,41,167,123,1334,619,*,*,*,1335,623,*,310,*,-1,-4,*,-3,11,44,71,*,*,*,12,26,*,*,*,*,*,*,*,0,*,*,0,0,*,23,34,*,*,0,*,*,0,0,134,1378,690,278,314,*,1321,641,267,302,280,2749,1042,542,694,222,632,269,502,2749,1674,811,694,*,57,49,11,12,24,147,95,18,24,16,50,14,40,147,145,32,24,*,83,48,21,17,*,*,*,*,*,*,*,*,*,*,125,1297,633,252,309,12,288,12,276,39,630,0,12,0,24,0,0,0,0,0,0,0,0,0,0,*,*,*,*,*,*,0,0,0,0,
Aug25,Santa Clara,,43,2025-26,2025,Aug 2025,276,276,0,674,611,63,950,693,156,269,0,268,257,563,1905,2052,646,853,565,1906,2065,633,855,-2,-1,-13,13,-2,49,70,192,40,44,17,28,79,*,*,*,*,*,*,*,*,*,*,*,*,28,36,91,28,36,0,0,*,0,0,612,1975,2244,686,897,540,1932,2104,634,870,1343,3239,3307,1259,1800,961,1919,564,2304,3239,5226,1823,1800,72,43,140,52,27,159,61,221,100,*,133,137,51,292,61,358,151,58,46,104,148,35,44,*,13,49,19,11,*,14,19,26,35,564,1872,2066,658,877,32,619,32,596,97,1229,0,23,0,50,0,11,0,11,0,16,0,0,0,0,34,201,*,*,91,367,*,*,*,*,
Aug25,Santa Cruz,,44,2025-26,2025,Aug 2025,34,34,0,143,127,16,177,144,*,106,0,*,33,*,385,418,231,*,95,*,421,*,135,0,*,-3,*,-1,*,13,26,15,*,0,*,14,*,0,0,*,*,*,*,0,*,0,0,*,*,*,*,*,*,0,0,*,*,0,96,398,444,246,141,80,384,*,*,*,187,727,681,459,296,151,429,241,338,727,1110,700,296,16,14,*,*,*,42,23,*,*,*,30,*,*,72,23,26,16,12,*,26,36,*,16,*,*,*,*,*,*,*,*,11,*,85,373,401,239,128,*,115,*,*,*,240,0,*,0,*,0,*,0,*,0,*,0,0,0,0,*,15,*,15,18,26,*,0,*,0,
Aug25,Shasta,,45,2025-26,2025,Aug 2025,740,740,0,314,272,42,1054,322,57,231,0,34,732,203,*,627,241,*,191,426,*,242,240,12,15,*,-1,-2,13,*,59,11,*,*,*,24,*,*,*,*,*,*,*,*,0,*,*,0,*,*,19,*,*,0,0,*,0,0,216,449,686,252,246,203,449,662,239,*,490,671,994,479,528,370,621,229,860,671,1615,708,528,13,0,24,13,*,25,0,36,*,*,20,26,*,45,0,62,35,12,15,12,48,21,19,*,0,*,*,*,*,0,*,*,*,206,437,632,227,232,*,123,*,*,*,261,0,*,0,*,0,0,0,0,0,0,0,0,0,0,*,93,*,*,*,182,*,*,*,*,
Aug25,Sierra,,46,2025-26,2025,Aug 2025,*,*,0,*,*,0,*,*,0,*,0,*,0,*,*,*,*,0,*,*,*,*,0,0,0,0,0,0,0,0,0,0,0,0,0,0,0,0,0,0,0,0,0,0,0,0,0,0,0,0,0,0,0,0,0,0,0,0,*,*,*,*,0,*,*,*,*,0,*,*,*,*,0,*,*,*,*,*,24,*,0,0,0,0,0,0,0,0,0,0,0,0,0,0,0,0,0,0,0,0,0,*,0,0,0,0,*,0,0,0,0,0,0,*,*,*,*,*,*,0,0,0,0,0,0,0,0,0,0,0,0,0,0,0,0,0,0,0,0,0,0,0,0,0,0,0,0,0,0,
Aug25,Siskiyou,,47,2025-26,2025,Aug 2025,39,42,-3,56,*,*,95,44,*,28,0,*,51,*,*,117,*,*,54,92,*,64,83,0,0,*,0,-2,*,*,14,*,*,0,*,*,0,0,*,0,0,0,0,*,0,*,*,*,*,*,*,*,*,0,*,0,*,*,61,95,131,70,86,*,95,*,*,*,117,156,201,135,179,97,121,65,214,156,322,200,179,*,0,*,*,*,*,0,*,*,0,*,*,*,*,0,*,14,0,*,*,*,*,*,0,0,*,*,*,0,0,*,*,*,*,*,121,66,85,*,68,*,*,*,142,0,*,0,0,0,0,0,0,0,0,0,0,0,0,*,12,*,12,*,20,0,0,0,0,
Aug25,Solano,,48,2025-26,2025,Aug 2025,266,270,-4,551,500,51,817,515,91,233,0,191,302,233,832,1238,468,636,233,834,*,469,637,0,-2,*,-1,-1,18,30,118,17,36,*,12,48,*,*,*,*,*,*,*,0,*,*,*,*,11,15,51,12,24,*,*,*,0,*,251,862,1356,485,672,235,846,1288,465,648,584,1480,1939,853,1323,424,1260,446,1008,1480,3199,1299,1323,16,16,68,20,24,35,28,112,31,51,32,70,20,67,28,182,51,51,19,48,109,27,35,*,*,*,23,*,*,*,*,20,*,228,818,1229,455,658,17,627,17,603,53,1207,0,24,0,51,0,*,0,*,0,*,0,0,0,0,*,17,*,17,*,41,0,0,0,0,
Aug25,Sonoma,,49,2025-26,2025,Aug 2025,93,93,0,244,217,27,337,284,38,225,0,21,53,*,483,698,*,*,131,484,698,231,*,0,-1,0,-4,*,*,17,42,*,*,*,*,15,0,*,0,*,*,*,*,0,*,*,0,*,*,*,21,*,*,0,0,*,0,0,135,500,740,233,124,*,*,*,*,*,262,824,1128,404,258,224,671,208,486,824,1799,612,258,*,*,*,*,*,19,*,*,*,*,17,*,*,36,*,20,*,*,*,*,47,*,*,*,0,*,*,0,0,*,*,*,*,123,483,691,222,125,*,103,*,*,*,214,0,*,0,*,0,*,0,*,0,*,0,0,0,0,*,14,*,14,*,30,0,0,0,0,
Aug25,Stanislaus,,50,2025-26,2025,Aug 2025,205,206,-1,877,794,83,1082,823,129,591,0,103,259,1221,1694,1817,1065,905,*,*,1827,*,913,*,*,-10,*,-8,63,64,138,34,20,15,13,65,*,*,*,*,*,*,*,*,*,*,*,0,41,40,54,20,15,*,*,*,*,*,1284,1758,1955,1099,925,1231,1726,1890,1063,893,3363,3046,3135,2177,2005,2241,1811,1010,5604,3046,4946,3187,2005,53,32,65,36,32,131,52,114,72,*,92,62,37,223,52,176,109,74,75,63,124,57,*,23,*,32,26,*,11,*,15,26,38,1197,1695,1814,1042,919,64,702,*,676,186,1481,*,26,*,63,0,*,0,*,0,*,0,0,0,0,*,111,*,*,*,212,0,*,0,*,
Aug25,Sutter,,51,2025-26,2025,Aug 2025,45,46,-1,122,105,17,167,119,35,52,0,32,48,311,*,325,*,*,*,308,332,*,*,*,-2,-7,*,*,17,*,33,*,*,*,*,12,*,*,*,0,*,*,*,*,*,*,*,*,*,*,15,*,*,*,0,*,0,*,328,314,358,156,214,*,*,345,*,*,990,562,562,358,483,597,313,142,1587,562,875,500,483,*,*,13,*,*,*,*,21,*,*,*,12,*,16,*,33,16,11,16,19,28,15,*,*,*,*,*,*,*,*,*,*,*,313,296,326,137,212,*,130,*,*,58,281,0,*,0,*,0,*,0,*,0,*,0,0,0,0,21,45,*,*,*,91,*,*,*,*,
Aug25,Tehama,,52,2025-26,2025,Aug 2025,58,58,0,87,*,*,145,94,16,56,0,22,51,*,*,231,*,100,80,205,231,92,100,0,0,0,0,0,*,*,18,*,0,0,0,*,*,0,*,*,*,*,0,0,0,0,0,0,*,*,*,*,0,*,*,0,0,0,83,213,249,99,100,*,*,*,*,*,172,365,398,216,203,119,220,93,291,365,618,309,203,*,*,*,*,*,24,*,*,0,*,17,*,*,41,*,24,*,*,*,*,21,*,*,*,0,*,*,0,0,*,*,0,*,76,204,225,89,105,*,60,*,*,*,128,0,*,0,*,0,0,0,0,0,0,0,0,0,0,*,30,*,30,*,56,0,0,0,0,
Aug25,Trinity,,53,2025-26,2025,Aug 2025,*,*,0,*,*,*,24,12,*,*,0,0,12,*,20,*,17,20,38,20,55,17,20,0,0,0,0,0,*,0,*,0,0,0,0,*,0,0,*,0,0,0,0,*,0,0,0,0,*,0,*,0,0,*,0,0,0,0,41,20,61,17,20,*,20,*,*,*,73,28,99,34,38,67,57,16,140,28,156,50,38,*,0,*,*,*,*,0,*,*,*,*,*,*,*,0,*,*,*,*,0,*,0,*,0,0,*,*,0,0,0,0,*,*,*,20,50,19,20,*,17,*,17,*,32,*,0,*,0,0,*,0,*,0,*,0,0,0,0,0,0,0,0,0,0,0,0,0,0,
Aug25,Tulare,,54,2025-26,2025,Aug 2025,337,337,0,825,648,177,1162,794,317,384,0,93,368,1247,3217,3060,1594,1819,1251,*,3088,*,*,-4,*,-28,*,*,80,99,247,55,52,28,37,122,*,*,17,*,41,18,13,0,*,11,*,*,35,36,73,22,28,*,0,*,*,*,1327,3316,3307,1649,1871,1261,3281,3187,1603,1801,3020,6520,5277,3609,4338,2252,3091,1545,5272,6520,8368,5154,4338,66,35,120,46,70,149,65,197,89,142,118,116,44,267,65,313,133,142,71,138,210,71,96,21,*,70,62,29,20,*,32,65,66,1255,3177,3059,1581,1812,94,1681,*,1618,281,3823,*,63,*,125,*,*,*,*,*,*,0,0,0,0,25,53,25,*,65,135,0,*,0,*,
Aug25,Tuolumne,,55,2025-26,2025,Aug 2025,32,32,0,56,*,*,88,63,*,52,0,*,25,*,*,*,*,*,18,73,80,24,28,0,0,0,0,0,*,*,*,*,*,*,*,*,0,*,0,*,*,0,*,*,0,*,*,*,*,0,*,*,*,0,0,*,*,0,23,76,89,26,35,*,76,*,*,*,45,102,138,43,67,39,81,22,84,102,219,65,67,*,0,*,*,*,*,0,*,0,*,*,*,0,*,0,*,0,*,*,*,*,*,*,0,0,0,*,0,0,0,*,0,*,*,*,85,22,34,0,18,0,*,0,37,0,*,0,*,0,0,0,0,0,0,0,0,0,0,*,*,*,*,*,*,0,*,0,*,
Aug25,Ventura,,56,2025-26,2025,Aug 2025,306,307,-1,565,494,71,871,548,110,300,0,138,323,213,1224,1090,417,278,*,1225,*,422,284,*,-1,*,-5,-6,19,58,90,17,15,*,27,42,*,*,*,*,*,*,*,*,*,*,0,*,*,24,37,11,*,0,*,*,*,0,232,1282,1180,434,293,206,1252,1133,411,280,447,2426,1835,839,575,363,1044,373,810,2426,2879,1212,575,26,30,47,23,13,54,59,76,47,*,42,37,23,96,59,113,70,24,25,72,93,24,23,*,*,19,13,*,*,*,14,11,*,209,1209,1082,408,276,*,145,*,*,*,286,*,*,*,14,0,*,0,*,0,*,0,0,0,0,20,124,*,*,56,227,*,*,*,*,
Aug25,Yolo,,57,2025-26,2025,Aug 2025,1164,1164,0,190,179,11,1354,201,26,94,0,81,1153,204,*,321,*,168,206,239,322,*,170,-2,-3,-1,*,-2,22,*,34,*,15,*,*,*,*,*,*,0,0,*,*,*,*,*,*,*,13,*,16,*,*,*,0,*,*,0,226,243,355,125,183,208,*,316,*,*,625,394,514,271,383,385,301,116,1010,394,815,387,383,18,*,39,*,*,45,*,62,*,*,34,34,*,79,*,96,14,14,23,*,31,*,*,*,0,*,*,*,*,*,*,*,*,204,229,314,116,177,*,107,*,*,11,223,0,*,0,*,0,0,0,0,0,0,0,0,0,0,*,58,*,*,35,114,*,*,*,0,
Aug25,Yuba,,58,2025-26,2025,Aug 2025,22,23,-1,155,134,21,177,153,*,89,0,*,24,215,282,453,233,*,*,*,456,233,*,*,*,-3,0,*,21,16,48,19,*,*,*,23,*,*,*,*,*,*,*,*,*,*,0,0,*,*,16,*,*,*,*,0,*,0,236,298,501,252,310,225,*,482,*,*,607,494,780,541,701,397,453,245,1004,494,1233,786,701,11,*,19,*,*,22,*,26,*,*,13,17,*,35,*,43,14,27,16,20,41,12,18,*,*,*,*,*,*,*,*,*,*,218,278,457,239,298,*,211,*,*,*,465,*,*,*,12,0,*,0,*,0,*,0,0,0,0,28,56,*,*,74,122,*,*,*,*,
Sep25,Statewide,,0,2025-26,2025,Sep 2025,17567,17739,-172,39839,34297,5542,57406,39382,9526,24150,*,5706,18024,38013,86524,105147,45558,58601,37984,86636,105302,45121,59170,29,-112,-155,437,-569,2481,3300,9764,2565,2209,790,1139,4073,456,308,233,491,1182,439,415,109,136,347,145,116,1349,1534,4162,1525,1370,180,70,646,263,120,40494,89824,114911,48123,60810,38016,88141,109623,46227,58587,96979,*,174354,97464,134525,67611,100575,42644,*,*,274929,140108,134525,2478,1683,5288,1896,2223,5464,3147,8144,3680,4793,4206,4746,1703,9670,3147,12890,5383,4793,2792,5050,9076,2856,3693,703,599,3951,3860,9220,911,728,6269,8071,2354,37910,84903,108153,49478,50251,2210,43271,2100,41539,6517,94132,110,1732,282,3718,*,*,*,*,*,*,0,11,0,12,3159,11741,3044,11486,8883,24177,115,255,311,470,
Sep25,Alameda,,1,2025-26,2025,Sep 2025,,,,,,,,,,,,,,,,,,,,,,,,,,,,,,,,,,,,,,,,,,,,,,,,,,,,,,,,,,,,,,,,,,,,,,,,,,,,,,,,,,,,,,,,,,,,,,,,,,,,,,,,,,,,,,,,,,,,,,,,,,,,,,,,,,,,,,,,,,,,,,,,,,,,,,
Sep25,Alpine,,2,2025-26,2025,Sep 2025,0,0,0,*,*,0,*,*,*,0,0,0,0,0,0,*,0,*,0,0,*,0,*,0,0,0,0,0,0,0,*,0,0,0,0,*,0,0,0,0,0,0,0,0,0,0,0,0,0,0,0,0,0,0,0,0,0,0,0,0,*,0,*,0,0,*,0,*,0,0,*,0,*,0,*,0,0,0,11,0,*,0,0,0,0,0,0,0,0,0,0,0,0,0,0,0,0,0,0,0,0,*,0,0,0,0,0,0,0,0,0,0,0,0,0,0,*,0,*,*,*,*,*,*,*,0,0,0,0,0,0,0,0,0,0,0,0,0,0,0,0,0,0,0,0,0,0,0,0,
Sep25,Amador,,3,2025-26,2025,Sep 2025,16,16,0,26,*,*,42,28,*,24,0,*,14,*,*,*,*,*,*,54,89,31,19,*,0,-5,0,-2,*,*,*,*,*,0,*,*,0,0,0,0,0,0,*,0,0,0,0,*,*,*,*,*,*,0,0,*,0,*,38,56,91,33,20,*,56,*,*,*,76,75,141,52,37,66,222,34,142,75,363,86,37,*,0,*,*,*,*,0,*,*,*,*,*,*,11,0,22,*,*,*,*,*,*,*,*,0,*,*,0,0,0,*,*,0,35,*,83,35,*,*,16,*,*,*,29,0,*,0,*,0,0,0,0,0,0,0,0,0,0,0,*,0,*,0,*,0,0,0,0,
Sep25,Butte,,4,2025-26,2025,Sep 2025,323,323,0,386,362,24,709,422,52,215,0,155,287,276,452,707,428,301,290,452,708,409,304,-14,0,-1,19,-3,36,23,70,26,20,*,*,23,*,*,0,0,*,*,0,*,*,*,*,*,26,14,33,17,15,*,0,*,*,0,312,475,777,454,321,299,*,753,439,*,702,730,1163,906,675,511,749,449,1213,730,1912,1355,675,13,*,24,15,*,25,*,41,33,*,19,23,15,44,*,64,48,20,34,38,72,33,25,*,*,24,43,*,*,*,36,30,*,285,436,717,408,291,15,207,15,*,43,410,0,*,0,*,0,0,0,0,0,0,0,0,0,0,30,69,*,*,72,150,*,*,*,0,
Sep25,Calaveras,,5,2025-26,2025,Sep 2025,17,17,0,50,50,0,67,54,*,36,0,*,13,*,64,*,41,35,*,64,*,42,35,*,0,*,-1,0,*,0,*,0,0,0,0,*,0,0,0,0,0,0,0,*,0,*,0,0,*,0,*,0,0,0,0,0,0,0,27,64,93,41,35,*,64,*,41,*,56,114,136,77,60,43,89,39,99,114,225,116,60,*,0,*,0,*,*,0,*,0,*,*,*,0,*,0,*,0,*,*,*,*,*,*,0,0,*,0,0,0,0,0,*,0,*,*,82,43,*,*,26,*,*,*,44,0,*,0,*,0,0,0,0,0,0,0,0,0,0,0,*,0,*,0,*,0,0,0,0,
Sep25,Colusa,,6,2025-26,2025,Sep 2025,*,*,0,*,*,*,26,15,*,*,0,*,11,11,*,*,*,*,11,54,42,11,14,0,0,0,0,0,0,*,*,*,*,0,0,0,*,0,0,0,*,*,0,0,0,0,0,*,0,*,*,0,0,0,0,0,0,0,11,58,46,13,15,*,*,35,13,*,20,92,84,27,28,18,37,14,38,92,121,41,28,*,*,11,0,*,*,0,*,0,*,*,*,0,*,0,14,0,*,*,*,*,*,*,*,*,*,0,*,*,0,*,*,*,*,53,41,13,13,0,15,0,*,0,28,0,*,0,*,0,0,0,0,0,0,0,0,0,0,0,0,0,0,0,0,0,0,0,0,
Sep25,Contra Costa,,7,2025-26,2025,Sep 2025,337,344,-7,876,807,69,1213,948,189,623,0,136,265,726,1583,2074,772,1333,*,1583,2083,755,1351,*,0,-9,17,-18,80,60,180,57,51,31,25,84,15,*,*,*,*,*,*,*,*,*,*,*,36,31,74,29,34,*,0,*,0,0,806,1643,2254,829,1384,750,1624,2143,777,1335,2050,2729,3329,1539,2731,1424,2079,764,3474,2729,5408,2303,2731,56,19,111,52,49,123,29,160,104,*,98,105,49,221,29,265,153,86,45,72,156,53,81,*,11,77,41,217,*,11,83,222,28,763,1571,2104,957,1114,*,882,*,847,*,1753,0,35,0,66,0,*,0,*,0,*,0,0,0,0,66,418,*,405,169,764,*,*,*,*,
Sep25,Del Norte,,8,2025-26,2025,Sep 2025,11,11,0,39,*,*,50,25,*,13,0,*,25,*,*,158,*,*,70,75,*,85,88,-1,0,*,-1,0,*,*,16,*,*,0,0,*,*,0,0,0,*,*,0,0,0,*,0,0,*,*,*,*,*,0,0,*,0,0,73,79,174,90,92,*,79,163,*,*,154,138,277,176,169,121,164,86,275,138,441,262,169,*,0,11,*,*,*,0,18,*,11,*,11,*,11,0,29,16,11,*,*,22,*,*,*,0,*,14,*,0,0,*,*,*,62,*,157,73,95,12,75,*,*,20,138,*,*,*,*,0,*,0,*,0,*,0,0,0,0,*,*,*,*,*,*,0,0,0,0,
Sep25,El Dorado,,9,2025-26,2025,Sep 2025,90,91,-1,127,*,*,217,113,15,87,0,11,104,*,*,248,*,*,66,139,248,*,73,0,-1,0,*,0,*,*,19,*,*,*,*,*,*,0,0,0,0,0,*,*,*,*,0,*,*,*,11,*,*,0,0,0,0,0,76,146,267,101,78,*,*,254,*,*,169,203,392,188,136,139,249,101,308,203,641,289,136,*,*,13,*,*,*,*,18,*,*,*,13,*,13,*,31,*,16,*,*,32,*,*,*,0,*,*,*,0,*,*,*,*,65,139,241,91,68,*,71,*,*,*,123,0,*,0,*,0,0,0,0,0,0,0,0,0,0,*,0,*,0,*,0,*,0,*,0,
Sep25,Fresno,,10,2025-26,2025,Sep 2025,541,544,-3,1453,1204,249,1994,1444,428,870,0,146,550,2156,4819,5272,2868,4231,2141,4826,*,2844,4286,15,-7,*,24,-55,160,150,506,170,147,36,46,203,27,*,*,*,*,22,15,*,*,*,11,*,106,87,252,110,119,*,0,20,*,*,2316,4969,5778,3038,4378,2169,4874,5551,2932,4250,5514,9569,9278,6608,10870,3656,5131,2720,9170,9569,14409,9328,10870,147,95,227,106,128,367,186,366,217,305,240,199,88,607,186,565,305,305,165,286,494,180,262,30,23,242,115,864,106,49,390,633,96,2227,4709,5432,3376,3348,137,2643,*,2558,446,6292,*,85,*,199,0,22,0,*,0,52,0,*,0,*,372,1204,360,1181,1247,2833,12,23,33,47,
Sep25,Glenn,,11,2025-26,2025,Sep 2025,13,13,0,26,*,*,39,28,*,*,0,*,11,*,*,*,*,*,39,74,99,52,*,0,-1,-1,0,*,*,*,*,*,*,*,*,*,0,0,0,0,*,0,*,0,0,0,0,0,*,*,*,*,0,0,0,0,0,0,41,78,105,54,38,*,*,*,54,*,97,135,158,110,69,67,99,57,164,135,257,167,69,*,*,*,0,*,*,*,*,0,*,*,*,0,13,*,*,0,*,*,*,12,*,*,*,0,*,*,*,*,0,*,*,0,39,*,97,48,33,*,27,*,27,*,48,*,0,*,0,0,0,0,0,0,0,0,0,0,0,0,*,0,*,0,*,0,0,0,0,
Sep25,Humboldt,,12,2025-26,2025,Sep 2025,63,63,0,118,98,20,181,119,30,69,0,20,62,210,*,549,227,*,*,235,559,*,158,*,-1,-10,*,-6,17,*,51,14,*,*,*,14,*,0,0,*,*,*,0,0,0,*,*,0,*,*,31,*,*,*,0,*,*,*,227,239,600,241,160,*,*,573,*,*,462,341,792,449,321,414,572,235,876,341,1364,684,321,*,*,27,*,*,24,13,42,*,*,19,24,*,43,13,66,14,*,13,*,27,11,*,*,*,12,19,*,*,0,19,13,*,215,222,580,224,152,12,139,12,*,40,267,0,*,0,*,0,0,0,0,0,0,0,0,0,0,*,*,*,*,*,*,*,0,*,0,
Sep25,Imperial,,13,2025-26,2025,Sep 2025,156,156,0,317,279,38,473,341,70,149,0,122,132,299,528,1076,630,693,304,530,1085,619,697,-5,-2,-9,11,-4,16,27,84,29,15,*,13,35,*,*,0,*,*,*,*,0,0,*,*,*,*,*,42,21,12,*,*,*,*,*,315,555,1160,659,708,296,544,1120,643,678,702,1044,2069,1431,1613,518,1058,621,1220,1044,3127,2052,1613,19,11,40,16,30,39,26,75,34,*,32,36,17,71,26,111,51,62,12,20,54,26,28,*,15,42,33,32,*,14,54,42,13,302,534,1118,642,661,*,315,*,298,*,683,*,17,*,34,0,*,0,*,0,*,0,0,0,0,63,319,*,*,168,741,*,*,*,15,
Sep25,Inyo,,14,2025-26,2025,Sep 2025,,,,,,,,,,,,,,,,,,,,,,,,,,,,,,,,,,,,,,,,,,,,,,,,,,,,,,,,,,,,,,,,,,,,,,,,,,,,,,,,,,,,,,,,,,,,,,,,,,,,,,,,,,,,,,,,,,,,,,,,,,,,,,,,,,,,,,,,,,,,,,,,,,,,,,
Sep25,Kern,,15,2025-26,2025,Sep 2025,558,564,-6,1396,1131,265,1954,1447,476,841,0,130,507,1855,4970,5794,2740,2450,*,4975,5807,*,2463,*,-5,-13,*,-13,101,129,477,115,79,35,51,233,*,*,*,*,*,22,21,*,*,*,*,*,50,57,185,68,43,*,*,28,16,*,1956,5099,6271,2855,2529,1845,4996,5998,2768,2446,4644,9836,10056,6735,6248,3383,5804,2693,8027,9836,15860,9428,6248,111,103,273,87,83,265,207,461,197,216,193,256,79,458,207,717,276,216,129,211,470,159,154,27,22,258,282,170,27,20,269,325,118,1827,4886,5812,2739,2323,83,2059,*,1988,256,5008,*,71,*,182,0,38,0,38,0,92,0,0,0,0,66,283,*,*,199,693,*,*,15,*,
Sep25,Kings,,16,2025-26,2025,Sep 2025,102,102,0,275,210,65,377,250,73,134,0,43,127,289,554,687,395,420,*,554,693,*,424,*,0,-6,*,-4,24,14,73,28,12,*,*,22,*,0,*,*,*,*,*,*,0,*,0,0,*,*,34,17,*,*,0,*,*,0,313,568,760,423,432,292,554,714,404,420,730,1072,1203,873,1050,491,663,377,1221,1072,1866,1250,1050,21,14,46,19,12,51,33,70,44,*,34,42,18,85,33,112,62,30,22,32,56,26,23,*,*,31,37,19,*,*,31,35,20,286,542,704,395,410,*,367,*,*,48,902,*,*,*,28,0,0,0,0,0,0,0,0,0,0,*,41,*,*,24,76,0,*,0,*,
Sep25,Lake,,17,2025-26,2025,Sep 2025,77,190,-113,130,112,18,207,151,31,53,*,67,56,132,209,295,*,*,132,*,298,*,107,0,*,-3,*,0,11,12,31,*,*,*,*,16,*,0,*,0,*,0,0,0,0,*,0,*,*,*,*,*,*,0,*,0,0,0,143,221,326,135,114,*,*,315,135,*,311,362,544,255,243,254,296,129,565,362,840,384,243,*,*,11,0,*,*,*,*,0,*,*,*,0,14,*,25,0,*,*,21,33,13,13,*,*,*,*,*,0,*,*,*,*,128,204,295,119,99,0,78,0,*,0,173,0,*,0,*,0,0,0,0,0,0,0,0,0,0,*,*,*,*,28,42,*,0,*,0,
Sep25,Lassen,,18,2025-26,2025,Sep 2025,59,59,0,30,*,*,89,32,*,16,0,*,57,*,*,95,*,*,56,*,*,39,66,0,*,*,-2,0,*,*,19,*,*,0,0,*,0,0,*,0,0,*,*,0,0,*,0,0,*,*,*,*,*,0,0,0,0,0,61,57,114,40,70,*,*,*,*,70,116,86,172,81,139,101,107,37,217,86,279,118,139,*,*,*,*,0,*,*,*,*,0,*,*,*,18,*,*,*,0,*,*,14,*,14,0,0,*,*,*,0,0,*,*,*,*,*,103,35,54,*,*,*,*,*,*,0,0,0,0,0,0,0,0,0,0,0,0,0,0,0,0,0,0,0,0,0,0,0,0,
Sep25,Los Angeles,,19,2025-26,2025,Sep 2025,5072,5074,-2,10984,8924,2060,16056,10740,3415,6354,0,971,5316,8768,31176,34082,14556,19945,8779,31214,34061,14330,20303,-11,-38,21,226,-358,543,1394,3137,807,756,173,500,1282,131,*,67,283,537,157,165,11,13,39,23,*,292,598,1279,496,462,49,29,282,122,41,9311,32570,37219,15363,20701,8686,32169,35583,14789,19918,18633,57797,53569,29651,43714,15169,32242,13551,33802,57797,85811,43202,43714,625,401,1636,574,783,1248,713,2436,1048,1597,1049,1489,520,2297,713,3925,1568,1597,719,1991,3126,955,1303,235,208,1191,1597,4379,253,262,3055,3213,827,8610,30633,35957,16024,15846,390,15806,365,15155,987,33331,*,651,*,1338,*,*,*,*,*,*,0,*,0,*,928,3380,901,3306,2443,6599,27,74,63,130,
Sep25,Madera,,20,2025-26,2025,Sep 2025,72,73,-1,201,172,29,273,194,45,95,0,54,79,228,929,661,344,321,228,929,664,345,325,0,0,-3,-1,-4,17,29,50,18,21,*,*,15,*,*,0,*,*,*,*,0,*,*,*,*,*,17,25,*,16,*,*,*,*,*,245,958,711,362,342,227,937,678,*,325,566,2018,1174,789,782,405,670,354,971,2018,1844,1143,782,18,21,33,*,17,43,38,52,*,*,29,31,*,72,38,83,20,38,20,47,57,15,20,*,*,30,25,15,*,*,25,31,13,225,912,649,353,320,11,264,*,251,32,608,0,13,0,30,0,0,0,0,0,0,0,0,0,0,11,56,*,*,20,122,*,*,*,*,
Sep25,Marin,,21,2025-26,2025,Sep 2025,23,23,0,99,*,*,122,103,19,61,0,23,19,*,*,250,109,*,50,*,250,109,68,-2,*,0,0,-2,*,*,24,12,*,*,*,*,*,0,0,0,*,*,*,0,*,*,0,0,*,*,12,*,*,*,0,0,*,*,53,237,274,121,70,*,*,260,*,*,88,377,389,189,123,91,253,111,179,377,642,300,123,*,*,14,*,*,*,*,22,*,*,*,13,*,22,*,35,*,*,*,*,22,*,*,0,*,*,12,*,0,*,*,*,*,*,230,259,108,67,0,61,0,*,0,107,0,*,0,*,0,*,0,*,0,*,0,0,0,0,0,*,0,*,0,*,0,0,0,0,
Sep25,Mariposa,,22,2025-26,2025,Sep 2025,*,*,0,*,*,*,26,*,*,*,0,*,*,*,*,*,*,*,*,*,*,*,30,*,*,*,*,0,*,*,*,*,*,0,0,*,*,*,*,*,0,0,*,0,0,0,0,0,0,0,*,*,0,0,0,0,0,0,41,26,75,37,32,*,26,*,*,*,92,40,116,63,59,72,69,36,164,40,185,99,59,*,0,*,*,*,*,0,*,*,*,0,*,*,*,0,*,*,*,*,*,*,*,*,0,0,*,*,*,0,*,0,*,*,*,26,68,34,32,*,19,*,*,*,35,0,*,0,*,0,0,0,0,0,0,0,0,0,0,*,*,*,*,*,13,0,0,0,0,
Sep25,Mendocino,,23,2025-26,2025,Sep 2025,37,38,-1,86,*,*,123,89,20,50,0,19,34,*,*,297,*,*,75,*,*,*,125,0,*,*,*,-1,*,*,25,*,*,*,0,*,*,0,*,*,0,*,*,0,0,*,0,*,*,*,14,*,*,0,0,0,0,0,81,162,322,96,131,*,*,*,*,*,147,283,498,197,247,127,291,88,274,283,789,285,247,*,*,*,*,*,19,*,*,*,*,13,*,*,32,*,20,*,*,*,*,33,*,11,*,*,*,*,*,*,*,*,*,*,75,155,290,84,125,*,72,*,*,*,131,0,*,0,*,0,0,0,0,0,0,0,0,0,0,*,45,*,*,*,78,*,*,*,*,
Sep25,Merced,,24,2025-26,2025,Sep 2025,449,453,-4,507,442,65,956,620,118,256,0,246,336,544,1469,1321,813,979,*,1471,*,813,982,*,-2,*,0,-3,36,48,100,46,37,*,18,36,11,*,*,*,*,*,*,0,*,*,*,*,25,19,38,25,22,*,*,*,*,*,580,1517,1421,859,1016,557,1487,1380,839,988,1392,2855,2296,1945,2441,932,1231,762,2324,2855,3527,2707,2441,23,30,41,20,28,59,42,56,39,73,38,32,20,97,42,88,59,73,39,80,96,32,60,*,*,61,58,25,*,*,51,59,35,538,1439,1315,828,966,*,660,*,644,*,1544,*,16,*,36,0,*,0,*,0,*,0,0,0,0,81,230,*,*,241,534,*,*,*,18,
Sep25,Modoc,,25,2025-26,2025,Sep 2025,*,*,0,*,*,0,*,0,0,0,0,0,*,18,29,*,12,20,18,29,*,12,20,0,0,*,0,0,0,0,*,0,0,0,0,0,0,0,0,0,0,0,0,0,0,0,0,0,0,0,*,0,0,0,0,0,0,0,18,29,49,12,20,*,*,*,*,*,44,46,74,*,40,28,42,*,72,46,116,27,40,*,*,*,*,*,*,*,*,*,*,*,*,*,*,*,*,*,*,*,*,*,*,0,0,0,0,*,*,0,0,*,0,0,*,*,49,*,*,0,14,0,*,0,27,0,*,0,*,0,0,0,0,0,0,0,0,0,0,*,*,*,*,*,*,0,0,0,0,
Sep25,Mono,,26,2025-26,2025,Sep 2025,*,*,0,*,*,*,*,*,0,*,0,0,*,*,*,12,*,*,*,*,12,*,*,0,0,0,0,0,*,0,0,0,0,0,0,0,0,0,0,0,0,0,0,0,0,0,0,0,*,0,0,0,0,0,0,0,0,0,*,*,12,*,*,*,*,*,*,*,*,12,*,*,*,*,*,*,21,12,35,*,*,0,0,*,0,0,0,0,*,0,0,0,*,0,0,0,*,0,0,*,*,*,0,*,0,0,*,0,0,*,0,0,0,0,*,*,*,*,0,0,*,0,*,0,*,0,0,0,0,0,0,0,0,0,0,0,0,0,0,0,0,0,0,0,0,0,0,0,0,
Sep25,Monterey,,27,2025-26,2025,Sep 2025,143,144,-1,427,371,56,570,388,81,246,0,61,182,142,1667,820,307,*,144,1668,*,*,299,-2,-1,*,*,-3,13,48,84,14,*,*,14,39,*,0,*,*,*,*,*,*,*,*,0,*,*,27,29,*,*,0,0,*,*,0,155,1715,904,321,304,135,1514,832,305,290,330,3177,1493,676,661,230,681,256,560,3177,2174,932,661,20,201,72,16,14,44,489,118,33,*,35,59,16,79,489,177,49,30,*,139,76,26,*,*,*,26,29,*,0,*,26,16,23,136,1574,828,282,303,*,116,*,*,*,262,*,*,*,*,0,*,0,*,0,*,0,0,0,0,41,143,*,*,103,287,*,*,16,*,
Sep25,Napa,,28,2025-26,2025,Sep 2025,23,23,0,66,*,*,89,75,12,44,0,19,14,*,*,174,*,*,36,*,175,47,*,-1,*,-1,0,*,*,*,13,*,*,0,*,*,0,*,0,0,*,0,0,0,*,0,0,0,*,*,*,*,*,0,0,*,0,*,36,182,187,49,33,*,*,169,*,*,81,285,287,88,65,55,162,37,136,285,449,125,65,*,*,18,*,*,*,13,28,*,*,*,18,*,14,13,46,15,*,*,*,16,*,*,*,0,*,*,*,*,0,*,*,0,31,*,171,48,31,0,19,0,*,0,38,0,*,0,*,0,*,0,*,0,*,0,0,0,0,*,*,*,*,*,16,*,0,*,0,
Sep25,Nevada,,29,2025-26,2025,Sep 2025,24,24,0,62,*,*,86,63,12,37,0,14,23,*,*,206,*,*,41,92,208,*,57,-1,0,-2,*,0,*,*,21,*,*,*,0,*,*,*,0,*,*,*,0,0,0,*,0,0,*,*,12,*,*,0,*,*,0,0,44,96,227,70,59,*,*,216,*,*,86,128,309,114,126,68,196,63,154,128,505,177,126,*,*,11,*,*,*,*,*,*,*,*,*,*,16,*,23,*,*,*,*,21,*,*,0,*,*,*,*,0,0,*,0,*,*,88,213,57,54,*,30,*,*,*,60,0,*,0,*,0,0,0,0,0,0,0,0,0,0,*,25,*,25,*,52,0,0,0,0,
Sep25,Orange,,30,2025-26,2025,Sep 2025,508,510,-2,1872,1690,182,2380,1806,355,959,*,492,574,1262,4213,3910,1389,1181,*,4214,3928,1370,1198,*,-1,-18,19,-17,92,131,333,78,50,*,57,158,*,11,*,*,29,19,*,0,*,11,*,*,46,55,135,41,29,*,*,16,*,*,1354,4344,4243,1467,1231,1278,4253,4046,1401,1184,3038,8023,6411,2893,2533,2360,3656,1314,5398,8023,10067,4207,2533,76,91,197,66,47,154,162,319,127,*,144,193,64,298,162,512,191,83,87,222,372,76,73,17,11,112,43,155,20,31,86,162,39,1270,4142,3845,1510,1042,*,511,*,479,72,1079,*,32,*,53,0,*,0,*,0,13,0,0,0,0,142,541,*,530,356,1013,*,11,*,17,
Sep25,Placer,,31,2025-26,2025,Sep 2025,147,147,0,215,198,17,362,169,18,125,0,26,193,362,*,404,*,109,*,*,405,*,112,*,*,-1,*,-3,35,*,36,*,11,*,0,*,0,*,*,0,0,0,*,*,*,*,*,0,26,*,23,*,*,*,*,*,*,*,397,212,440,120,120,377,*,410,*,*,1089,318,646,232,287,736,393,115,1825,318,1039,347,287,20,*,30,*,*,55,*,48,*,16,38,28,*,93,*,76,12,16,42,*,43,*,*,*,*,*,*,13,*,0,*,21,*,354,198,391,128,99,16,84,*,*,58,185,*,*,*,*,0,0,0,0,0,0,0,0,0,0,*,*,*,15,13,31,0,0,0,0,
Sep25,Plumas,,32,2025-26,2025,Sep 2025,*,*,0,*,*,*,19,*,*,*,0,*,*,*,30,*,*,15,13,30,*,14,16,0,0,*,0,-1,*,0,*,*,0,0,0,*,*,0,0,0,*,*,0,0,0,*,0,0,*,0,*,*,0,0,0,0,0,0,14,30,64,19,15,14,30,*,19,15,27,40,105,36,35,24,55,17,51,40,160,53,35,0,0,*,0,0,0,0,0,0,0,0,0,0,0,0,0,0,0,*,*,*,*,*,0,0,0,*,*,0,0,*,*,0,*,*,57,18,12,*,*,*,*,*,*,0,0,0,0,0,0,0,0,0,0,0,0,0,0,0,*,0,*,0,19,0,0,0,0,
Sep25,Riverside,,33,2025-26,2025,Sep 2025,1088,1090,-2,3824,3404,420,4912,3731,572,2676,0,483,1181,1959,4532,7286,2904,2718,*,4545,7298,*,2727,*,-13,-12,*,-9,163,150,766,186,130,47,42,287,34,17,*,15,61,29,23,*,19,56,19,19,90,74,362,104,71,*,0,30,12,*,2122,4682,8052,3090,2848,1991,4594,7637,2969,2723,5004,8439,12764,6402,6557,3536,7092,2719,8540,8439,19856,9121,6557,131,88,415,121,125,256,142,616,239,274,219,359,96,475,142,975,335,274,199,265,668,208,203,18,51,264,236,170,24,66,235,289,125,1929,4432,7355,2935,2600,71,2272,*,2170,227,5222,*,102,11,234,0,36,0,*,0,78,0,*,0,0,95,374,*,360,281,749,*,14,11,18,
Sep25,Sacramento,,34,2025-26,2025,Sep 2025,596,597,-1,2916,2581,335,3512,2884,604,2015,0,265,628,6172,3121,5822,1960,5032,*,*,5840,1934,5057,*,*,-18,26,-25,277,136,568,137,157,99,44,250,31,26,26,*,57,24,30,12,*,22,13,12,140,66,239,69,89,19,0,27,11,*,6449,3257,6390,2097,5189,6158,3214,6130,1993,5004,18862,5380,9210,4039,11448,11719,5772,1913,30581,5380,14982,5952,11448,291,43,260,104,185,708,60,386,202,399,521,234,86,1229,60,620,288,399,297,147,487,110,295,55,25,191,138,1238,149,43,379,957,119,6246,3128,6091,2806,3775,364,3720,344,3581,1239,7859,20,139,51,295,0,*,0,*,0,*,0,0,0,0,*,879,*,862,*,1682,*,*,22,31,
Sep25,San Benito,,35,2025-26,2025,Sep 2025,14,14,0,44,*,*,58,42,*,26,0,*,16,*,*,132,54,*,*,99,132,54,45,*,-2,0,0,-1,*,*,12,0,*,*,*,*,0,0,0,0,*,0,0,0,0,*,0,0,*,0,*,0,*,0,0,*,0,*,26,98,144,54,45,*,*,*,*,*,54,181,232,110,84,45,131,49,99,181,363,159,84,*,*,*,*,*,*,*,*,*,*,*,*,*,11,*,14,*,*,*,*,*,*,*,*,0,*,*,*,0,0,*,*,*,24,*,139,47,41,0,33,0,*,0,63,0,*,0,*,0,0,0,0,0,0,0,0,0,0,*,*,*,*,*,*,0,0,0,0,
Sep25,San Bernardino,,36,2025-26,2025,Sep 2025,1259,1269,-10,3222,2764,458,4481,3092,787,1882,0,423,1389,2687,6414,8851,4703,6065,*,6426,*,*,*,*,-12,*,*,*,182,211,804,239,235,61,65,369,40,33,*,28,87,37,53,*,18,40,16,11,99,100,308,146,138,*,*,29,*,*,2869,6625,9655,4942,6300,2650,6497,9108,4692,6074,6641,11861,15263,10424,14726,3936,7630,3988,10577,11861,22893,14412,14726,219,128,547,250,226,536,239,880,506,541,324,459,213,860,239,1339,719,541,211,389,677,304,353,82,81,432,426,272,42,76,467,382,326,2618,6231,9013,4594,6001,108,3708,*,3541,364,8544,*,167,*,401,0,49,0,*,0,96,0,*,0,*,511,1924,495,1887,1519,4203,16,37,46,83,
Sep25,San Diego,,37,2025-26,2025,Sep 2025,1406,1410,-4,3023,2630,393,4429,3047,629,2063,0,355,1382,3197,3074,6144,1950,3041,*,3083,6165,*,3051,*,-9,-21,*,-10,192,139,639,139,124,54,54,303,*,*,*,*,64,31,35,*,*,14,*,*,112,56,258,73,69,23,*,51,17,11,3389,3213,6783,2089,3165,3192,3155,6448,1999,3052,9410,5364,10868,4253,7131,5872,5659,1713,15282,5364,16527,5966,7131,197,58,335,90,113,402,115,531,178,244,344,271,79,746,115,802,257,244,241,177,584,135,202,50,41,242,126,501,103,42,229,388,198,3201,3037,6186,2216,2660,517,1958,500,1887,1448,4209,*,71,45,153,0,12,0,12,0,18,0,0,0,0,112,566,*,549,273,1183,*,17,17,29,
Sep25,San Francisco,,38,2025-26,2025,Sep 2025,173,176,-3,656,624,32,829,627,52,526,0,49,202,258,892,1484,540,510,*,897,*,*,517,*,-5,*,*,-7,21,33,136,25,16,*,*,25,*,*,0,0,*,0,*,*,*,*,*,*,14,25,102,18,*,0,0,*,*,0,279,925,1620,565,526,259,*,1557,*,502,536,1327,2239,975,1013,495,1563,554,1031,1327,3802,1529,1013,20,*,63,*,24,39,14,73,*,37,38,59,*,77,14,132,25,37,21,58,94,28,43,0,*,34,32,148,12,*,76,120,19,270,854,1568,625,354,14,496,*,473,50,929,*,*,*,*,0,*,0,*,0,*,0,0,0,0,*,*,*,*,*,21,0,0,0,0,
Sep25,San Joaquin,,39,2025-26,2025,Sep 2025,482,484,-2,1142,1015,127,1624,1168,293,621,0,254,456,1031,2098,3095,1332,1849,*,2107,*,*,1859,*,-9,*,*,-10,93,85,292,78,78,40,37,128,*,16,*,*,30,*,*,*,*,16,*,*,40,37,118,57,46,11,*,42,*,*,1124,2183,3387,1410,1927,1034,2141,3228,1362,1853,2585,3994,5286,3007,4378,1712,2836,1190,4297,3994,8122,4197,4378,90,42,159,48,74,224,66,245,97,*,152,147,42,376,66,392,139,150,71,104,233,69,92,*,*,109,143,70,*,*,139,125,63,1044,2083,3184,1323,1828,*,1445,*,1382,*,3253,*,63,*,125,0,*,0,*,0,*,0,0,0,0,127,310,*,*,373,627,*,*,14,*,
Sep25,San Luis Obispo,,40,2025-26,2025,Sep 2025,88,88,0,246,218,28,334,219,34,136,0,49,115,*,*,410,182,*,79,412,416,*,*,-3,-1,-6,*,*,*,*,46,13,*,*,*,19,*,0,0,*,*,*,0,*,0,*,0,0,*,*,19,*,*,*,*,*,*,*,84,419,456,195,102,*,*,430,*,*,186,782,681,366,191,137,415,183,323,782,1096,549,191,*,*,26,*,*,*,15,33,*,*,*,24,*,*,15,57,17,*,*,22,30,*,*,*,*,*,*,19,*,*,*,24,*,75,396,427,199,76,*,86,*,*,*,165,0,*,0,*,0,*,0,*,0,*,0,0,0,0,*,12,*,12,*,20,0,0,0,0,
Sep25,San Mateo,,41,2025-26,2025,Sep 2025,45,45,0,268,255,13,313,237,*,188,0,*,76,*,*,307,*,*,*,291,307,92,*,*,0,0,0,*,*,*,22,*,*,0,*,*,*,0,0,*,*,0,0,0,0,*,*,*,*,*,15,*,*,0,0,*,0,0,75,299,329,97,88,*,*,314,*,*,139,489,533,161,155,121,282,78,260,489,815,239,155,*,*,15,*,*,14,*,23,*,*,15,13,*,29,*,36,13,*,15,15,22,*,*,*,*,*,*,*,*,*,*,*,*,60,285,306,95,79,*,68,*,*,*,117,0,*,0,*,0,0,0,0,0,0,0,0,0,0,*,15,*,*,*,25,0,*,0,*,
Sep25,Santa Barbara,,42,2025-26,2025,Sep 2025,165,167,-2,311,273,38,476,333,74,203,0,56,143,123,1295,635,253,*,125,1297,*,*,*,-2,-2,*,*,*,13,42,65,20,*,*,17,32,*,0,0,*,*,*,*,0,*,*,*,0,*,20,25,12,*,0,0,*,*,*,136,1337,700,273,318,*,1275,654,261,306,299,2670,1067,519,694,237,645,263,536,2670,1712,782,694,*,62,46,12,12,17,149,85,25,26,12,44,14,29,149,129,39,26,*,107,56,*,*,0,*,28,*,120,*,*,33,107,*,139,1230,649,358,188,13,291,13,279,42,627,0,12,0,26,0,0,0,0,0,0,0,0,0,0,*,*,*,*,*,*,0,0,0,0,
Sep25,Santa Clara,,43,2025-26,2025,Sep 2025,257,257,0,741,684,57,998,719,172,280,0,267,279,567,1865,2063,662,871,*,1872,2066,*,877,*,-7,-3,*,-6,49,86,208,30,27,15,31,91,*,*,*,*,11,*,0,*,*,12,0,*,25,45,94,19,21,0,0,0,0,0,616,1951,2271,692,898,546,1900,2115,639,868,1352,3174,3290,1256,1788,969,1930,571,2321,3174,5220,1827,1788,70,51,156,53,30,145,84,239,107,*,131,150,52,276,84,389,159,64,45,110,155,43,52,17,*,77,30,268,22,*,109,219,47,576,1836,2148,838,625,*,606,*,582,85,1203,0,24,0,53,0,*,0,*,0,14,0,0,0,0,35,219,*,*,92,394,*,*,*,*,
Sep25,Santa Cruz,,44,2025-26,2025,Sep 2025,33,33,0,171,149,22,204,160,28,119,0,13,44,85,374,394,*,126,85,*,401,*,128,0,*,-7,*,-2,12,15,43,*,11,*,*,12,0,0,*,*,*,*,*,*,*,*,0,0,*,*,27,*,*,0,0,*,0,*,97,389,437,253,137,81,369,*,*,*,183,694,676,469,284,153,423,244,336,694,1099,713,284,16,20,*,*,*,44,41,*,*,*,28,*,*,72,41,22,26,15,*,33,28,*,*,0,*,18,*,*,*,*,14,16,0,95,357,405,251,126,*,110,*,*,*,231,0,*,0,*,0,*,0,*,0,*,0,0,0,0,*,16,*,*,14,27,*,*,*,*,
Sep25,Shasta,,45,2025-26,2025,Sep 2025,731,732,-1,322,288,34,1053,327,59,228,0,40,726,200,*,627,240,230,206,437,632,227,232,-6,-10,-5,13,-2,16,*,69,18,13,*,*,30,*,*,*,*,*,*,*,0,*,*,*,*,*,*,28,*,*,0,0,*,*,0,216,434,696,258,243,201,*,669,239,*,496,648,990,479,527,364,638,229,860,648,1628,708,527,15,*,27,19,*,35,*,35,37,*,24,24,16,59,*,59,53,14,18,15,55,*,12,*,*,15,17,*,*,*,24,*,*,193,418,650,247,230,*,119,*,*,*,263,*,*,*,*,0,0,0,0,0,0,0,0,0,0,*,96,*,96,*,188,*,0,*,0,
Sep25,Sierra,,46,2025-26,2025,Sep 2025,0,0,0,*,*,0,*,*,*,0,0,0,0,*,*,*,*,*,*,*,*,*,*,0,0,0,0,0,0,*,*,0,0,0,*,0,0,0,0,0,0,0,0,0,0,0,0,0,0,0,*,0,0,0,0,0,0,0,*,*,*,*,*,*,*,*,*,*,*,*,*,*,*,*,*,*,*,*,20,*,*,0,0,0,0,0,0,0,0,0,0,0,0,0,0,0,0,0,0,0,0,*,0,0,0,0,0,0,0,0,0,0,0,0,*,*,*,*,*,0,0,0,0,0,0,0,0,0,0,0,0,0,0,0,0,0,0,0,0,0,*,0,*,0,*,0,0,0,0,
Sep25,Siskiyou,,47,2025-26,2025,Sep 2025,51,51,0,46,*,*,97,53,*,34,0,*,44,*,*,118,*,*,55,92,121,66,85,-2,0,-3,-1,-1,*,*,14,*,*,*,*,*,0,0,0,0,*,0,*,0,0,*,0,*,*,0,*,*,*,*,0,*,*,*,59,93,132,66,88,*,93,*,*,*,123,153,205,132,181,98,122,63,221,153,327,195,181,*,0,*,*,*,*,0,*,*,0,*,*,*,12,0,11,*,0,*,*,*,*,*,*,0,*,*,*,0,0,*,*,*,53,*,129,58,78,*,71,*,*,*,148,0,*,0,0,0,0,0,0,0,0,0,0,0,0,*,11,*,11,*,17,0,0,0,0,
Sep25,Solano,,48,2025-26,2025,Sep 2025,299,302,-3,538,504,34,837,597,83,297,0,217,240,230,820,1226,458,654,*,*,1229,*,658,*,*,-3,*,-4,27,26,114,31,21,*,*,42,*,*,0,*,*,*,0,*,*,*,*,*,12,16,54,21,15,*,*,*,*,0,257,846,1340,489,675,237,831,1282,457,651,587,1442,1940,836,1331,432,1254,434,1019,1442,3194,1270,1331,20,15,58,32,24,47,22,99,51,*,36,60,34,83,22,159,85,51,20,54,96,32,42,*,*,53,31,132,*,*,58,139,20,236,792,1249,565,521,18,625,18,603,54,1212,0,22,0,*,0,*,0,*,0,*,0,*,0,0,*,19,*,*,*,40,0,*,0,*,
Sep25,Sonoma,,49,2025-26,2025,Sep 2025,53,53,0,288,256,32,341,267,38,205,0,24,74,*,483,686,*,*,*,483,691,*,*,*,0,-5,*,*,*,17,46,*,*,*,*,18,*,*,0,*,*,*,0,0,*,*,0,0,*,*,19,*,*,0,0,*,0,0,134,500,732,228,129,*,*,716,*,*,263,816,1098,399,268,220,664,207,483,816,1762,606,268,*,*,16,*,*,18,11,27,0,*,18,14,*,36,11,41,*,*,*,15,47,*,*,*,*,19,*,24,*,*,14,27,*,123,486,680,239,108,*,104,*,*,11,213,0,*,0,*,0,*,0,*,0,*,0,0,0,0,*,17,*,17,*,36,0,0,0,0,
Sep25,Stanislaus,,50,2025-26,2025,Sep 2025,258,259,-1,906,842,64,1164,830,121,604,0,105,334,1206,1695,1805,1048,918,*,1695,1814,*,919,*,0,-9,*,-1,53,54,136,45,33,19,14,53,*,*,*,*,*,*,*,*,*,*,*,*,28,28,63,26,22,*,*,13,*,*,1259,1749,1941,1093,951,1200,1719,1867,1050,908,3267,3019,3079,2158,2047,2180,1782,1002,5447,3019,4861,3160,2047,59,30,74,43,43,144,53,128,83,100,101,65,43,245,53,193,126,100,63,83,122,51,50,27,*,93,74,26,19,*,69,85,39,1188,1674,1795,1053,914,70,709,*,675,199,1488,*,34,*,78,0,*,0,*,0,*,0,0,0,0,*,122,*,*,*,228,*,*,*,*,
Sep25,Sutter,,51,2025-26,2025,Sep 2025,48,48,0,132,116,16,180,129,35,51,0,43,51,312,296,326,*,211,313,296,326,*,212,-1,0,0,*,-1,15,15,30,*,11,*,*,12,*,*,*,*,*,0,*,*,0,*,*,*,*,*,*,*,*,*,0,0,*,0,327,311,356,150,222,*,*,345,*,*,982,550,578,343,509,599,316,134,1581,550,894,477,509,*,*,11,*,*,*,*,16,*,*,*,12,*,24,*,28,15,*,17,14,33,11,15,*,*,*,19,*,*,*,*,11,*,309,295,339,131,202,*,134,*,*,63,295,0,*,0,*,0,*,0,*,0,*,0,0,0,0,21,48,21,*,*,96,0,*,0,*,
Sep25,Tehama,,52,2025-26,2025,Sep 2025,51,51,0,74,*,*,125,97,16,59,0,22,28,*,*,225,*,*,76,204,225,89,105,0,0,0,0,0,*,*,31,*,*,*,0,*,0,*,0,*,*,0,0,*,*,*,0,0,*,*,16,*,*,0,0,*,0,0,83,213,256,94,112,*,*,*,*,*,180,368,417,193,222,125,224,85,305,368,641,278,222,*,*,*,*,*,16,*,*,*,11,16,*,*,32,*,14,*,11,*,*,28,*,*,*,*,*,13,*,*,*,*,*,*,71,201,233,82,114,*,67,*,*,*,139,0,*,0,11,0,0,0,0,0,0,0,0,0,0,*,33,*,33,*,61,0,0,0,0,
Sep25,Trinity,,53,2025-26,2025,Sep 2025,11,12,-1,27,*,*,38,*,*,14,0,*,*,*,20,50,*,*,39,20,50,19,20,-1,0,0,0,0,*,0,13,*,*,*,0,*,0,0,0,0,*,*,0,*,0,0,0,*,0,0,*,0,0,0,0,*,0,0,41,20,63,20,21,*,20,*,*,*,75,28,98,40,36,68,57,17,143,28,155,57,36,*,0,*,*,*,*,0,*,*,*,*,*,*,*,0,*,*,*,*,*,*,*,*,0,0,0,*,*,0,0,*,*,0,*,*,63,17,18,*,19,*,*,*,30,0,*,0,*,0,*,0,*,0,*,0,0,0,0,0,0,0,0,0,0,0,0,0,0,
Sep25,Tulare,,54,2025-26,2025,Sep 2025,368,368,0,715,564,151,1083,720,303,334,0,83,363,1252,3179,3031,1587,1805,1255,*,3059,*,1812,-3,*,-28,*,-7,65,103,236,79,40,23,38,115,*,*,*,*,*,25,*,*,*,*,*,*,28,38,70,33,27,*,*,*,*,0,1317,3282,3267,1666,1845,1251,3229,3157,1620,1779,3006,6347,5219,3673,4282,2239,3043,1554,5245,6347,8262,5227,4282,66,53,110,46,66,148,98,183,88,*,117,107,43,265,98,290,131,142,73,136,221,87,93,22,13,140,89,218,33,16,107,250,76,1255,3149,3013,1740,1610,97,1643,*,1584,298,3736,*,59,*,125,*,*,*,*,*,*,0,0,0,0,27,62,*,*,73,145,*,*,*,*,
Sep25,Tuolumne,,55,2025-26,2025,Sep 2025,24,25,-1,64,*,*,88,68,*,55,0,*,20,*,*,*,21,*,21,73,85,22,34,0,0,0,-1,0,*,*,*,0,*,*,0,*,0,*,0,0,0,0,*,0,0,0,0,0,*,*,*,0,0,0,0,0,0,0,28,74,91,21,36,28,74,*,21,*,64,100,138,38,71,51,77,18,115,100,215,56,71,0,0,*,0,*,0,0,*,0,*,0,*,0,0,0,*,0,*,*,*,*,*,*,0,0,*,*,0,0,*,*,*,*,*,74,80,18,31,0,20,0,20,0,43,0,0,0,0,0,0,0,0,0,0,0,0,0,0,*,*,*,*,*,*,0,*,0,*,
Sep25,Ventura,,56,2025-26,2025,Sep 2025,,,,,,,,,,,,,,,,,,,,,,,,,,,,,,,,,,,,,,,,,,,,,,,,,,,,,,,,,,,,,,,,,,,,,,,,,,,,,,,,,,,,,,,,,,,,,,,,,,,,,,,,,,,,,,,,,,,,,,,,,,,,,,,,,,,,,,,,,,,,,,,,,,,,,,
Sep25,Yolo,,57,2025-26,2025,Sep 2025,1153,1153,0,207,191,16,1360,184,33,78,0,73,1176,204,228,309,*,*,204,229,314,116,177,0,-1,-5,0,-1,26,12,37,*,*,*,*,15,*,*,*,*,*,0,0,*,0,*,*,0,16,*,18,*,*,*,0,*,0,0,230,240,346,124,184,214,*,314,*,*,645,389,505,251,390,395,296,116,1040,389,801,367,390,16,*,32,*,*,35,*,55,*,*,27,30,*,62,*,85,23,20,16,15,27,*,*,*,*,11,*,19,*,*,13,15,*,215,228,321,121,161,*,106,*,*,13,225,0,*,0,14,0,0,0,0,0,0,0,0,0,0,*,58,*,*,37,115,*,*,*,*,
Sep25,Yuba,,58,2025-26,2025,Sep 2025,24,24,0,125,102,23,149,117,29,68,0,20,32,*,278,454,*,296,218,278,457,*,298,0,0,-3,*,-2,*,12,39,*,13,*,*,12,*,*,0,*,*,*,*,*,*,*,*,0,*,*,17,*,*,*,*,*,*,*,227,290,493,250,309,*,*,471,*,298,611,482,771,538,695,393,444,245,1004,482,1215,783,695,*,*,22,*,11,*,*,29,*,*,*,19,*,21,*,48,22,29,19,15,43,20,*,*,*,14,17,18,*,*,21,22,*,210,275,457,235,279,*,209,*,*,*,456,*,*,*,15,0,*,0,*,0,*,0,0,0,0,25,60,*,*,71,131,*,*,*,*,
